"ADM3_PCODE","ADM3_EN","ADM2_EN","ADM1_EN","est","lower","upper","pop_u5","n_stunted","cum_share"
"MG11102039","Ankadikely Ilafy","Antananarivo Avaradrano","Analamanga",0.520841053295373,0.391796538575536,0.642641718571133,46837.3203125,24394.7992450953,0.0143875231910491
"MG11101005","5e Arrondissement","5e Arrondissement","Analamanga",0.406086602383039,0.333559454794977,0.483539026395444,55130.4921875,22387.7542601266,0.0275913348058481
"MG12118010","Ambano","Antsirabe II","Vakinankaratra",0.523726739790989,0.425547864852606,0.624032714602226,36647.828125,19193.4475443268,0.038911213640912
"MG11102319","Ambohimanga Rova","Antananarivo Avaradrano","Analamanga",0.49473745865835,0.397739274531587,0.579138244227195,26182.916015625,12953.6693298353,0.0465510066976086
"MG11101006","6e Arrondissement","6e Arrondissement","Analamanga",0.431300886157831,0.360966068295153,0.510665664461197,29791.955078125,12849.2966255696,0.0541292429983735
"MG52516011","Ambovombe","Ambovombe-Androy","Androy",0.527144380798459,0.437547034205838,0.604219362872385,20202.8515625,10649.8196772772,0.060410275526982
"MG31310030","Antetezambaro","Toamasina II","Atsinanana",0.390409446141637,0.272332591941012,0.507938803659925,25717.39453125,10040.3137551513,0.0663318346899126
"MG11102079","Sabotsy Namehana","Antananarivo Avaradrano","Analamanga",0.425317030568892,0.327752447893358,0.529277276191748,23581.3828125,10029.5637145208,0.0722470537121715
"MG11103172","Ambatolampy","Ambohidratrimo","Analamanga",0.481169128622428,0.383830725210708,0.570620116644987,17579.880859375,8458.89595439157,0.0772359269753507
"MG12118331","Ambohibary","Antsirabe II","Vakinankaratra",0.602012642868394,0.509935359784696,0.686547892853938,13911.6748046875,8375.00411589557,0.0821753226527636
"MG41415012","Boanamary","Mahajanga II","Boeny",0.338814134790351,0.241901722527511,0.453524904646231,23529.267578125,7972.04843673309,0.0868770638153487
"MG31310010","Toamasina Suburbaine","Toamasina II","Atsinanana",0.408245572900899,0.291673081240195,0.511923371777142,17800.9453125,7267.15711727913,0.091163075374918
"MG23211011","Ikongo","Ikongo","Fitovinany",0.445443928777879,0.35574143200631,0.549785394537208,14122.109375,6290.60788263091,0.0948731393884739
"MG21224070","Talata Ampano","Vohibato","Haute Matsiatra",0.451681567287002,0.363850387580024,0.555800587991549,13883.9375,6271.11865011478,0.0985717090756373
"MG41415011","Belobaka","Mahajanga II","Boeny",0.379412865656759,0.264329249988808,0.505636003689407,16039.88671875,6085.73938477073,0.102160946095109
"MG12114010","Antanifotsy","Antanifotsy","Vakinankaratra",0.591335725872456,0.500317411086433,0.676588878812956,9872.1650390625,5837.76387930671,0.105603932542898
"MG12118110","Andranomanelatra","Antsirabe II","Vakinankaratra",0.530246973108797,0.435586282995665,0.625327661866774,10810.640625,5732.30946877325,0.108984724267873
"MG52516111","Sihanamaro","Ambovombe-Androy","Androy",0.512243944194485,0.402532344527273,0.604493435245892,10790.787109375,5527.51534986926,0.112244732865857
"MG25214190","Ranomena","Vangaindrano","Atsimo Atsinanana",0.518026338099086,0.420207711377644,0.617626618486418,10551.0517578125,5465.72270519354,0.115468297503006
"MG11101002","2e Arrondissement","2e Arrondissement","Analamanga",0.379315905903089,0.30572659707588,0.453943154522555,14275.576171875,5414.95310792331,0.11866191933346
"MG51520050","Betsinjaka","Toliary-II","Atsimo Andrefana",0.282949206682733,0.19443956282571,0.381480993777089,18580.107421875,5257.22665509948,0.121762517524939
"MG11101004","4e Arrondissement","4e Arrondissement","Analamanga",0.394043184786064,0.321523337295279,0.475742045075896,12871.33984375,5071.86374449501,0.124753792694397
"MG12114150","Ambatotsipihina","Antanifotsy","Vakinankaratra",0.63213321656159,0.537822843256613,0.71663841453214,8009.884765625,5063.31422118221,0.127740025540543
"MG11103171","Merimandroso","Ambohidratrimo","Analamanga",0.486306165928021,0.375851804469522,0.590010162108529,9883.7255859375,4806.51669478195,0.130574804778509
"MG33313170","Didy","Ambatondrazaka","Alaotra Mangoro",0.474422220323883,0.359530678078045,0.573712425078375,9950.1865234375,4720.589583086,0.133358906070743
"MG21224250","Soaindrana","Vohibato","Haute Matsiatra",0.468180087359636,0.381927131856828,0.562017564574304,9639.3447265625,4512.94925617168,0.13602054560427
"MG11103150","Mahitsy","Ambohidratrimo","Analamanga",0.492091830544009,0.396733449335802,0.584085303089838,9010.1728515625,4433.83245204332,0.138635523763675
"MG11102079a","Anosy Avaratra","Antananarivo Avaradrano","Analamanga",0.430811111952926,0.3400032691495,0.527416209542361,10240.3583984375,4411.66018842734,0.141237425203171
"MG41401002","Mahabibo","Mahajanga I","Boeny",0.391978154592284,0.256153437800442,0.523532462135478,11217.025390625,4396.82891263198,0.143830579478064
"MG11101001","1er Arrondissement","1er Arrondissement","Analamanga",0.394043184786064,0.321523337295279,0.475742045075896,11056.5234375,4356.74770797426,0.146400094728272
"MG52516130","Antanimora Atsimo","Antanimora Sud","Androy",0.501160897928198,0.410571335776043,0.598891619912262,8635.0751953125,4327.56203856033,0.148952396904032
"MG52516170","Jafaro","Antanimora Sud","Androy",0.432305668662249,0.336856399954256,0.534910152631868,9815.75,4243.40436717147,0.151455064711555
"MG14111030","Tsiroanomandidy Fihaonana","Tsiroanomandidy","Bongolava",0.35024661191636,0.28233255811829,0.434480166383601,12101.853515625,4238.63319175575,0.153954918583359
"MG25213551","Ihorombe","Farafangana","Atsimo Atsinanana",0.491276549526077,0.397751540252949,0.588428333390409,8605.6982421875,4227.7777386845,0.156448370144521
"MG11103390","Ambato","Ambohidratrimo","Analamanga",0.517317464773901,0.392133047856078,0.623304623242758,8157.0048828125,4219.76108612489,0.158937093657977
"MG52516031","Ambanisarika","Ambovombe-Androy","Androy",0.551565668374289,0.460474215115494,0.637040744580995,7453.40576171875,4111.04273062718,0.161361697444712
"MG51507010","Ampanihy Ouest","Ampanihy Ouest","Atsimo Andrefana",0.314772518402958,0.23599588285061,0.409051411052211,12703.2890625,3998.64629020387,0.163720012250056
"MG11117350","Ambohijanaka","Antananarivo Atsimondrano","Analamanga",0.560897965869832,0.472488589186243,0.648344965649897,7114.9970703125,3990.7873839081,0.166073692043017
"MG13105130","Imerintsiatosika","Arivonimamo","Itasy",0.541858223354933,0.457811444244163,0.628913350479266,7182.78076171875,3892.04882229291,0.168369137975113
"MG21201001a","Fianarantsoa","Fianarantsoa I","Haute Matsiatra",0.409811179140158,0.328705405295563,0.496200500032342,9442.787109375,3869.75971966245,0.170651438278183
"MG11117430","Tsiafahy","Antananarivo Atsimondrano","Analamanga",0.563741982188526,0.467510851942393,0.659686660896446,6743.4150390625,3801.54616084101,0.172893507704598
"MG25213010","Farafangana","Farafangana","Atsimo Atsinanana",0.457998194824505,0.350061442523912,0.558534892037201,8220.4990234375,3764.97371329098,0.175114007495124
"MG52516091","Ambondro","Ambovombe-Androy","Androy",0.477057012302564,0.378722682726396,0.585133257118503,7878.42724609375,3758.4589636646,0.1773306650277
"MG13105310","Miantsoarivo","Arivonimamo","Itasy",0.598278754240541,0.511424911903055,0.680961866634811,6149.2724609375,3678.97906741535,0.179500447042302
"MG11102010","Alasora","Antananarivo Avaradrano","Analamanga",0.521370966966406,0.439856314706312,0.599221876197977,6978.46337890625,3638.36819980001,0.181646277648501
"MG11117190","Ankaraobato","Antananarivo Atsimondrano","Analamanga",0.585323979954499,0.433204702966909,0.730756445925568,6200.16552734375,3629.10556284153,0.183786645352434
"MG11103070","Antehiroka","Ambohidratrimo","Analamanga",0.491344083512442,0.370258408506922,0.615634180623049,7352.61376953125,3612.6632740113,0.185917315751238
"MG11101003","3e Arrondissement","3e Arrondissement","Analamanga",0.394043184786064,0.321523337295279,0.475742045075896,9130.888671875,3597.96445219262,0.18803931710392
"MG52516190","Imanombo","Antanimora Sud","Androy",0.437721962340339,0.348119464264881,0.529602763295968,8198.9140625,3588.8447524973,0.190155939855633
"MG12110310","Tsinjoarivo","Ambatolampy","Vakinankaratra",0.606770546093867,0.507718052082086,0.708666463974645,5902.35595703125,3581.37574728824,0.192268157550161
"MG22204090","Tsarazaza","Fandriana","Amoron I Mania",0.574615859231228,0.468539156068351,0.672038606014686,6228.27490234375,3578.86553453855,0.194378894775686
"MG12118050","Alakamisy","Antsirabe II","Vakinankaratra",0.519878440707411,0.415574403285033,0.625846235916869,6862.220703125,3567.52059893074,0.196482941004391
"MG12108001a","Antsirabe","Antsirabe I","Vakinankaratra",0.463989422283247,0.373435009466809,0.564966593447894,7675.82421875,3561.50124480557,0.198583437148662
"MG21224190","Andranovorivato","Vohibato","Haute Matsiatra",0.477255418358601,0.383985001515389,0.578497545815009,7437.51513671875,3549.59439812314,0.200676910893156
"MG23207111","Vohitrandriana","Nosy-Varika","Vatovavy",0.460098560511317,0.352254254372309,0.575601432704809,7667.52783203125,3527.81851819804,0.20275754169624
"MG23210010","Manakara","Manakara Atsimo","Fitovinany",0.384622814496734,0.28445346338383,0.487095612263349,9153.7685546875,3520.7482247556,0.204834002593687
"MG11102099","Ambohimangakely","Antananarivo Avaradrano","Analamanga",0.476980411739145,0.37278522523591,0.581886870195779,7354.900390625,3508.14341662071,0.20690302944884
"MG11103210","Ampanotokana","Ambohidratrimo","Analamanga",0.526863874393144,0.426805774579548,0.625881273315179,6646.37744140625,3501.73616945849,0.208968277448663
"MG22202010","Ambatofinandrahana","Ambatofinandrahana","Amoron I Mania",0.426933606554195,0.344601629038721,0.511228695174021,8174.17626953125,3489.83055536069,0.211026503775661
"MG51507310","Itampolo","Ampanihy Ouest","Atsimo Andrefana",0.318493517627706,0.206958559575846,0.450923267562731,10924.5244140625,3479.39020904452,0.213078572612973
"MG11103350","Antanetibe","Ambohidratrimo","Analamanga",0.515369520829913,0.415711067988209,0.607212639397353,6740.25146484375,3473.72016770964,0.215127297382954
"MG24216032","Ambia","Ihosy","Ihorombe",0.330519435035092,0.244484493307018,0.428484391573286,10504.251953125,3471.85942101314,0.217174924724914
"MG33313070","Ambohitsilaozana","Ambatondrazaka","Alaotra Mangoro",0.434148528885605,0.331671705155036,0.544057633769046,7984.29541015625,3466.37010650742,0.219219314588305
"MG41406090","Ankazomborona","Marovoay","Boeny",0.359135827785497,0.259817668746658,0.45796301608753,9615.947265625,3453.43118118192,0.221256073354333
"MG11103030","Anosiala","Ambohidratrimo","Analamanga",0.502908984047269,0.417825209320919,0.584207762681672,6829.73876953125,3434.7369858932,0.223281806689672
"MG41405070","Madirovalo","Ambato Boeni","Boeny",0.315757033441115,0.221939770629535,0.417280320246203,10769.8466796875,3400.65483819377,0.225287439113932
"MG25213090","Vohitromby","Farafangana","Atsimo Atsinanana",0.485375292921808,0.397502710446018,0.573150398803345,6977.3330078125,3386.62505247999,0.227284797075045
"MG12116110","Vinaninony Atsimo","Faratsiho","Vakinankaratra",0.581984935719191,0.483109303321815,0.676733861183933,5774.58544921875,3360.72174146855,0.229266877825464
"MG52514011","Tsihombe","Tsihombe","Androy",0.437145952864751,0.332712253636872,0.547083302561519,7669.20947265625,3352.56388264369,0.231244147247786
"MG52516151","Andalatanosy","Antanimora Sud","Androy",0.450168107383749,0.359401177382545,0.54309853536132,7243.29296875,3260.69948696821,0.233167237043133
"MG11102379a","Ambohidrabiby","Antananarivo Avaradrano","Analamanga",0.497502528284127,0.38959798988519,0.606583601279148,6445.66259765625,3206.73343880042,0.235058498834416
"MG12114050","Ampitatafika","Antanifotsy","Vakinankaratra",0.591729629316818,0.497662049871035,0.674202046040832,5362.19189453125,3172.96782207663,0.236929846397719
"MG13112111","Analavory","Miarinarivo","Itasy",0.443356814651866,0.373862149383942,0.52820765245226,6941.61962890625,3077.61436719674,0.238744956562647
"MG51520310","Ankililoaka","Toliary-II","Atsimo Andrefana",0.29527215691095,0.18852584137075,0.415319839951285,10417.501953125,3075.99827132325,0.240559113589301
"MG25213390","Etrotroka Atsimo","Farafangana","Atsimo Atsinanana",0.477974200098942,0.387444515990374,0.566901757935038,6425.4560546875,3071.20221801016,0.242370442007791
"MG25213350","Ankarana Miraihina","Farafangana","Atsimo Atsinanana",0.507213728744269,0.425063641851183,0.601040966614898,6027.16259765625,3057.05961490522,0.244173429425887
"MG12118370","Antanambao","Antsirabe II","Vakinankaratra",0.613410857900956,0.497743647769875,0.714194890044309,4975.51123046875,3052.03261237768,0.245973452026985
"MG14119031","Firavahana","Fenoarivobe","Bongolava",0.522120345899171,0.424707311050176,0.622646965950768,5844.25732421875,3051.40565564486,0.247773104862608
"MG32305210","Antsiatsiaka","Fenerive Est","Analanjirofo",0.395859756196457,0.283495223651795,0.512504053180375,7705.521484375,3050.30585617125,0.249572109060369
"MG25222031","Marovitsika Sud","Befotaka","Atsimo Atsinanana",0.563206286670492,0.4273449727347,0.702869465383962,5413.87646484375,3049.12926025742,0.251370419327393
"MG12118332","Mandrosohasina","Antsirabe II","Vakinankaratra",0.579991655737885,0.483186693472193,0.667450495861399,5218.248046875,3026.54032475802,0.253155407130474
"MG52518230","Bekitro","Bekily","Androy",0.380323977778986,0.301245800910624,0.466651041918893,7946.3837890625,3022.2002916147,0.254937835276192
"MG13105230","Ambohimandry","Arivonimamo","Itasy",0.571920240031362,0.496137585428252,0.648790093430862,5273.93408203125,3016.26964610489,0.256716765655893
"MG51507290","Fotadrevo","Ampanihy Ouest","Atsimo Andrefana",0.339648990081101,0.257137172811535,0.431938552162059,8832.390625,2999.91255578303,0.258486048978695
"MG53519010","Amboasary Atsimo","Amboasary-Atsimo","Anosy",0.517483640083478,0.427617812039243,0.616899367860217,5774.7333984375,2988.33005953507,0.260248501196567
"MG11103410","Anjanadoria","Ambohidratrimo","Analamanga",0.525359943847468,0.395133749219327,0.64360743087576,5682.17578125,2985.18754936894,0.262009100030141
"MG23212031","Vohitrindry","Vohipeno","Fitovinany",0.453903497397859,0.350172566603806,0.55593734063351,6533.72265625,2965.6795646995,0.263758193477709
"MG22203150","Tsarasaotra","Ambositra","Amoron I Mania",0.543781479744996,0.448518715209902,0.633276131612441,5303.19873046875,2883.78125303608,0.265458985078374
"MG54508059","Bemanonga","Morondava","Menabe",0.372795658922613,0.271995175207555,0.482903540881439,7727.10107421875,2880.62973652501,0.267157917982993
"MG51520072","Behompy","Toliary-II","Atsimo Andrefana",0.295879627569357,0.197494919155184,0.397903509746152,9702.7333984375,2870.84114433445,0.268851077788366
"MG25214132","Ampataka","Vangaindrano","Atsimo Atsinanana",0.52361007279293,0.425076838679355,0.632207341468286,5447.6474609375,2852.4430835717,0.270533386816766
"MG22204150","Sandrandahy","Fandriana","Amoron I Mania",0.565971749494701,0.468357550746779,0.651102627101014,5027.42333984375,2845.37958310186,0.272211529945878
"MG11103270","Ambohimanjaka","Ambohidratrimo","Analamanga",0.53120484045743,0.426441742071118,0.62792244866173,5303.365234375,2817.17328321365,0.273873037611434
"MG25213190","Amporoforo","Farafangana","Atsimo Atsinanana",0.473222311752817,0.372560930386399,0.569088295016283,5917.51513671875,2800.30019283033,0.275524593894454
"MG53519030","Behara","Amboasary-Atsimo","Anosy",0.516913312524829,0.418209769308833,0.620367059737142,5406.96630859375,2794.93286528534,0.277172984644167
"MG51507150","Ejeda","Ampanihy Ouest","Atsimo Andrefana",0.305146002724849,0.216221415909481,0.403941290391304,9125.83984375,2784.71354982747,0.278815348263397
"MG11117170","Andoharanofotsy","Antananarivo Atsimondrano","Analamanga",0.607501688238379,0.522136141088232,0.692180992420782,4570.658203125,2776.68257475904,0.280452975387817
"MG23209391","Ambodinonoka","Mananjary","Vatovavy",0.447343279677826,0.340446455387217,0.554405807471569,6190.3916015625,2769.23008153304,0.282086207193461
"MG12116150","Miandrarivo","Faratsiho","Vakinankaratra",0.44835458261595,0.369425319271059,0.534833878046486,6140.51318359375,2753.12722547791,0.283709941884061
"MG23210352","Vohimasina Sud","Manakara Atsimo","Fitovinany",0.410268769375097,0.305785553151125,0.519776716556411,6704.43603515625,2750.62072149761,0.285332198293008
"MG12116130","Ambohiborona","Faratsiho","Vakinankaratra",0.629428394170249,0.527859255791724,0.713540461296962,4363.6318359375,2746.59377924432,0.286952079698804
"MG32305190","Vohipeno","Fenerive Est","Analanjirofo",0.458552088309274,0.358817471699334,0.552182862357437,5978.2041015625,2741.31797511055,0.288568849549815
"MG33316011","Andilamena","Andilamena","Alaotra Mangoro",0.475204618939839,0.346918903618304,0.59827234994843,5749.05126953125,2731.9757178032,0.290180109540208
"MG52516033","Ambohimalaza","Ambovombe-Androy","Androy",0.545528649415353,0.44662079798188,0.640497195188146,4994.3662109375,2724.56985373841,0.291787001712693
"MG11102379","Talata Volonondry","Antananarivo Avaradrano","Analamanga",0.516550038986868,0.406274913818059,0.626734649517784,5253.4013671875,2713.64468103437,0.29338745045541
"MG12109170","Ambatonikolahy","Betafo","Vakinankaratra",0.571423408891016,0.468732025170583,0.660487419597692,4716.43896484375,2695.08363111743,0.294976952293689
"MG33313210","Manakambahiny Antsinanana","Ambatondrazaka","Alaotra Mangoro",0.467211417715554,0.366482475476706,0.573847371759216,5751.119140625,2686.98852714247,0.296561679815319
"MG23209230","Vohilava","Mananjary","Vatovavy",0.419464006892729,0.321288105112393,0.519982018569605,6328.7646484375,2654.68897811465,0.298127357763881
"MG25214151","Matanga","Vangaindrano","Atsimo Atsinanana",0.529475863498325,0.425151165006305,0.635608145923295,4999.47509765625,2647.10139436992,0.299688560720213
"MG54508079","Analaiva","Morondava","Menabe",0.360163510128223,0.268065238132486,0.460898757981658,7316.04345703125,2634.97189173499,0.301242609959119
"MG23207070","Sahavato","Nosy-Varika","Vatovavy",0.434352358849649,0.329952080010594,0.551616379768575,6047.81982421875,2626.88480654708,0.302791889610682
"MG22202050","Fenoarivo","Ambatofinandrahana","Amoron I Mania",0.439480671044939,0.344354127057594,0.535315995435151,5962.5166015625,2620.41079717128,0.304337351032012
"MG51520131","Saint Augustin","Toliary-II","Atsimo Andrefana",0.285002560499482,0.192779274806497,0.396954572075675,9146.6416015625,2606.81627641639,0.305874794700022
"MG25214131","Lohafary","Vangaindrano","Atsimo Atsinanana",0.487276753305534,0.379814282607041,0.595050598395963,5331.27734375,2597.80751503385,0.307406925196072
"MG41406031","Marovoay Banlieue","Marovoay","Boeny",0.349920909654115,0.255321806776878,0.444245907510896,7366.38623046875,2577.65257062917,0.308927168743305
"MG23211031","Ambatofotsy","Ikongo","Fitovinany",0.461011449987969,0.363446748533588,0.56460758231836,5564.91552734375,2565.48977632131,0.310440238938406
"MG12114171","Ambohitompoina","Antanifotsy","Vakinankaratra",0.624169156422783,0.522923044997768,0.719706102214344,4044.4052734375,2524.39302775334,0.311929071163062
"MG25213130","Manambotra Atsimo","Farafangana","Atsimo Atsinanana",0.493431877090248,0.397157740726165,0.5832376046108,5111.8095703125,2522.32979160719,0.313416686535815
"MG32305050","Mahambo","Fenerive Est","Analanjirofo",0.395267837562318,0.295610494366193,0.487108871326699,6356.603515625,2512.56092586212,0.31489854044355
"MG25214171","Vohipaho","Vangaindrano","Atsimo Atsinanana",0.529352656183565,0.428923000982365,0.635730408999245,4743.748046875,2511.11562887888,0.31637954194649
"MG32305170","Miorimivalana","Fenerive Est","Analanjirofo",0.462347917312817,0.369932481872116,0.554099965816568,5423.037109375,2507.32991302965,0.317858310716378
"MG54508010","Morondava","Morondava","Menabe",0.338347551591112,0.234749047751645,0.457409187670468,7390.0244140625,2500.39666669659,0.31933299040804
"MG25214152","Masianaka","Vangaindrano","Atsimo Atsinanana",0.45254689814003,0.334640469010973,0.577198322535836,5523.99755859375,2499.8679604747,0.320807358280246
"MG22204191","Miarinavaratra","Fandriana","Amoron I Mania",0.596205402890764,0.487737090009616,0.697486913632782,4149.57763671875,2474.00060672641,0.322266470148572
"MG51507230","Androka","Ampanihy Ouest","Atsimo Andrefana",0.334339063857691,0.229527550126483,0.453778435081604,7386.2216796875,2469.5024418321,0.32372292909686
"MG12114010a","Soamanadrariny","Antanifotsy","Vakinankaratra",0.60740166915551,0.513096833416977,0.692869196716247,4029.06005859375,2447.25780471764,0.32516626864092
"MG23211071","Ifanirea","Ikongo","Fitovinany",0.403177481539114,0.316714959689945,0.490956432935052,6036.11572265625,2433.6259353392,0.326601568404253
"MG42423030","Mampikony II","Mampikony","Sofia",0.329996022784642,0.240415075797376,0.447527842992583,7373.93408203125,2433.36891934643,0.328036716585131
"MG11117390","Bongatsara","Antananarivo Atsimondrano","Analamanga",0.590311778223734,0.507296677293737,0.671238165270822,4116.29736328125,2429.89881621622,0.329469818174489
"MG53515131","Mahatalaky","Taolagnaro","Anosy",0.509167374409406,0.380877806628959,0.618889367280795,4754.22265625,2420.69506724052,0.330897491592436
"MG21208072","Ambalakindresy","Ambohimahasoa","Haute Matsiatra",0.504172681350258,0.395697594787832,0.611367706107967,4791.40283203125,2415.69441325441,0.332322215733184
"MG11106390","Sadabe","Manjakandriana","Analamanga",0.500798368162419,0.403659673150575,0.58487582562983,4812.8095703125,2410.24717908897,0.333743727213434
"MG32305130","Saranambana","Fenerive Est","Analanjirofo",0.43610127659289,0.347530701354391,0.528289950470234,5513.82958984375,2404.58812304651,0.33516190110524
"MG21219030","Mangidy","Ikalamavony","Haute Matsiatra",0.42366702911852,0.333531576534064,0.526241367912864,5673.72021484375,2403.76818747254,0.336579591416839
"MG51507190","Beahitse","Ampanihy Ouest","Atsimo Andrefana",0.308303889845313,0.207984182979877,0.424705030371964,7792.78759765625,2402.54672909573,0.337996561338795
"MG71718001","Hell-Ville","Nosy-Be","Diana",0.361317804694982,0.246077551610692,0.487130603539463,6637.455078125,2398.23069758968,0.339410985759032
"MG33312071","Morarano Chrome","Amparafaravola","Alaotra Mangoro",0.421113742853849,0.327358609209443,0.523686135328196,5667.2392578125,2386.55233550569,0.340818522534751
"MG11117150","Tanjombato","Antananarivo Atsimondrano","Analamanga",0.585323979954499,0.433204702966909,0.730756445925568,4060.54809570312,2376.73617217361,0.342220269950361
"MG33314030","Ambohibary","Moramanga","Alaotra Mangoro",0.422064064456482,0.331914763639636,0.512534280179013,5589.4345703125,2359.09947275966,0.343611615623401
"MG11117011","Ampitatafika","Antananarivo Atsimondrano","Analamanga",0.488339677607208,0.414244271530193,0.559045167063689,4772.10400390625,2330.40773077565,0.344986039529671
"MG24218050","Maropaika","Ivohibe","Ihorombe",0.439785592565111,0.340064533378004,0.537989836380289,5295.79541015625,2329.01452255916,0.346359641751971
"MG24216110","Mahasoa","Ihosy","Ihorombe",0.297999499540207,0.217754746978848,0.40001144911248,7811.36328125,2327.78234853925,0.347732517264773
"MG32318070","Andapafito","Soanierana Ivongo","Analanjirofo",0.371327970673452,0.267792613716989,0.48738875680037,6249.4814453125,2320.60726284928,0.349101161067746
"MG11103310","Mahabo","Ambohidratrimo","Analamanga",0.541507042570615,0.431815247337826,0.642786862283449,4267.97314453125,2311.13751526593,0.350464219819101
"MG53517070","Ambalasoa","Betroka","Anosy",0.422323238301799,0.318959419747674,0.54099960926608,5441.98291015625,2298.27584540023,0.351819693036688
"MG52514072","Imongy","Tsihombe","Androy",0.481140564035972,0.381819891183795,0.574481904174949,4738.2265625,2279.75300081148,0.353164241882509
"MG53515010","Taolagnaro Fort-Dauphin","Taolagnaro","Anosy",0.387319473487509,0.259636104513907,0.515357853269885,5872.5205078125,2274.54155113054,0.354505717128405
"MG23211091","Tolongoina","Ikongo","Fitovinany",0.472279436658315,0.367344130122343,0.589005935078433,4791.89794921875,2263.11486398116,0.355840453162197
"MG11117270","Ampanefy","Antananarivo Atsimondrano","Analamanga",0.585323979954499,0.433204702966909,0.730756445925568,3852.171875,2254.76857334378,0.357170266734897
"MG23206030","Tsaratanana","Ifanadiana","Vatovavy",0.445975591370073,0.337151035601654,0.552491186445768,5007.3583984375,2233.15962294507,0.358487335817599
"MG51512050","Mahaboboka","Sakaraha","Atsimo Andrefana",0.35845498291914,0.254453696995783,0.479390890183307,6229.92333984375,2233.14706437125,0.359804397493527
"MG23211033","Maromiandra","Ikongo","Fitovinany",0.459909788641436,0.350109840119952,0.570458010793137,4850.07421875,2230.59660884059,0.361119954966131
"MG53517170","Mahabo","Betroka","Anosy",0.42514232545032,0.320600800733748,0.533699400598615,5241.7666015625,2228.4968424561,0.36243427404209
"MG12110270","Antsampandrano","Ambatolampy","Vakinankaratra",0.583128956912294,0.484608913770603,0.681769167477544,3816.9677734375,2225.78443629245,0.363746993399757
"MG11102279","Fieferana","Antananarivo Avaradrano","Analamanga",0.533034825571535,0.426475891643155,0.641599560736287,4150.5869140625,2212.4073717568,0.365051823255063
"MG41405051","Ankijabe","Ambato Boeni","Boeny",0.33169376224142,0.243092838511188,0.429270733515145,6664.86474609375,2210.69406246204,0.366355642637729
"MG12114290","Antsampandrano","Antanifotsy","Vakinankaratra",0.62411072677426,0.528173164429895,0.717472297810707,3533.92065429688,2205.55778791579,0.367656432757132
"MG52513010","Beloha","Beloha","Androy",0.366951102204485,0.265508160173585,0.471535473532513,5971.36474609375,2191.19887524411,0.368948754301451
"MG52514071","Antaritarika","Tsihombe","Androy",0.486163169874809,0.3875205596917,0.587990817942695,4475.2275390625,2175.69080630167,0.370231929523256
"MG33312152","Andrebakely Nord","Amparafaravola","Alaotra Mangoro",0.431441431806799,0.337515773845787,0.532674331354811,5040.2412109375,2174.56888469851,0.371514443060047
"MG11102430","Ankadinandriana","Antananarivo Avaradrano","Analamanga",0.55609476956018,0.461443582076655,0.647423975378824,3901.69921875,2169.71452794392,0.372794093602571
"MG14111310","Fierenana","Tsiroanomandidy","Bongolava",0.379159524557005,0.283275809493517,0.488338222750463,5721.00048828125,2169.17182512711,0.374073424070751
"MG53519090","Ifotaka","Amboasary-Atsimo","Anosy",0.506100770175935,0.403908920336202,0.613418975377867,4269.439453125,2160.76659544609,0.375347797316871
"MG22202070","Soavina","Ambatofinandrahana","Amoron I Mania",0.441839872230964,0.353730454469209,0.520986571102194,4888.7587890625,2160.04855872738,0.376621747080517
"MG23211012","Ambolomadinika","Ikongo","Fitovinany",0.450414264583687,0.350738281183176,0.554997370682494,4787.07958984375,2156.16893296305,0.377893408725081
"MG11117450","Ambalavao","Antananarivo Atsimondrano","Analamanga",0.57944371497327,0.491982680930209,0.665034708775484,3714.9794921875,2152.62151800264,0.379162978181286
"MG51512070","Amboronabo","Sakaraha","Atsimo Andrefana",0.363179100074038,0.250707583437875,0.48184206822962,5923.48974609375,2151.28767528412,0.380431760966001
"MG23210031","Tataho","Manakara Atsimo","Fitovinany",0.428455421319349,0.318116852306659,0.542641246242602,5003.86865234375,2143.93465166663,0.381696207096959
"MG12114172","Belanitra","Antanifotsy","Vakinankaratra",0.610754442782745,0.501665416797172,0.718850951024359,3501.50830078125,2138.56175114281,0.382957484407787
"MG33312011","Amparafaravola","Amparafaravola","Alaotra Mangoro",0.429973014087757,0.326847973843073,0.535052519787736,4966.4013671875,2135.41856501917,0.384216907935652
"MG41403050","Andranomavo","Soalala","Boeny",0.280264120189874,0.185127761242148,0.395273466599414,7617.224609375,2134.83475343514,0.385475987144114
"MG32315110","Andasibe","Vavatenina","Analanjirofo",0.429225974678494,0.33847323328804,0.52577117938109,4959.30517578125,2128.66259780281,0.386731426149129
"MG54509130","Malaimbandy","Mahabo","Menabe",0.302432925631129,0.21657847565936,0.409135925406891,7024.38037109375,2124.40390637576,0.387984353470361
"MG13112152","Sarobaratra Ifanja","Miarinarivo","Itasy",0.477474267002294,0.392150144710526,0.562639766781867,4430.8828125,2115.6325230715,0.389232107620072
"MG32303090","Ambinanitelo","Maroantsetra","Analanjirofo",0.338551610611578,0.222804098621742,0.47422754845106,6173.5478515625,2090.06456833413,0.390464782344941
"MG52516013","Erada","Ambovombe-Androy","Androy",0.504115246969294,0.401577944199207,0.601127138022222,4139.49169921875,2086.780880279,0.391695520421857
"MG25213070","Anosy Tsararafa","Farafangana","Atsimo Atsinanana",0.485129041914012,0.383069517653628,0.570806546289719,4284.9794921875,2078.76799566611,0.392921532673319
"MG12116010","Faratsiho","Faratsiho","Vakinankaratra",0.536637219262577,0.448541754216662,0.628551387807141,3799.55322265625,2038.98167584641,0.394124079816775
"MG42423071","Bekoratsaka","Mampikony","Sofia",0.333867170987861,0.236213180059695,0.441655368428319,6091.65234375,2033.80273464939,0.395323572533104
"MG71717233","Manambato","Ambilobe","Diana",0.316298845012531,0.205200085120925,0.458989240696643,6413.06982421875,2028.4465783851,0.396519906304704
"MG41405190","Sitampiky","Ambato Boeni","Boeny",0.25864916450539,0.165483151731357,0.396824698496572,7831.85986328125,2025.704010161,0.397714622569084
"MG13105010","Arivonimamo I","Arivonimamo","Itasy",0.58433130751857,0.47135330273621,0.688794122762946,3453.64404296875,2018.07233933165,0.398904837839627
"MG22223150","Talata Vohimena","Manandriana","Amoron I Mania",0.455135785141831,0.359259251727316,0.544588714385142,4415.87548828125,2009.82295744745,0.400090187803759
"MG25213030","Vohimasy","Farafangana","Atsimo Atsinanana",0.493820223965155,0.411848439535329,0.578156385766022,4057.27587890625,2003.5648832099,0.401271846891515
"MG23207130","Soavina","Nosy-Varika","Vatovavy",0.409832013581614,0.316203396232927,0.511327738424285,4882.7919921875,2001.12447405838,0.402452066678914
"MG12109250","Ambohimanambola","Betafo","Vakinankaratra",0.419964711884139,0.318671646930989,0.516718002129136,4759.4013671875,1998.78062391188,0.403630904114362
"MG23206090","Ambohimiera","Ifanadiana","Vatovavy",0.493664957336093,0.383583647788297,0.589385212576108,4036.42431640625,1992.64123794906,0.404806120673203
"MG71713010","Ramena","Antsiranana II","Diana",0.26587595664202,0.177939871016112,0.376014859957628,7482.5556640625,1989.43164530978,0.405979444283958
"MG21224130","Vohimarina","Vohibato","Haute Matsiatra",0.444181218835014,0.354360430066436,0.546419548979404,4466.45654296875,1983.91611112948,0.407149514952349
"MG25213510","Fenoarivo","Farafangana","Atsimo Atsinanana",0.488067338490064,0.398987338025934,0.583756275854039,4061.87573242188,1982.46887800052,0.408318732074047
"MG51520270","Andranovory","Toliary-II","Atsimo Andrefana",0.339988898196146,0.222031854854524,0.453772179689107,5823.8349609375,1980.03923164533,0.409486516243053
"MG23207191","Befody","Nosy-Varika","Vatovavy",0.463095448966984,0.357717916726925,0.573798378178015,4255.13916015625,1970.53557978955,0.410648695364437
"MG52513050","Kopoky","Beloha","Androy",0.388281421256353,0.286080059912507,0.507781056110694,5073.9384765625,1970.11604304698,0.411810627052155
"MG14119010","Fenoarivo Centre","Fenoarivobe","Bongolava",0.427272322031977,0.325305394158263,0.530523771306098,4584.07861328125,1958.6499134738,0.412965796265483
"MG32302019","Sainte Marie","Sainte Marie","Analanjirofo",0.35812508758519,0.258381941784942,0.471103676499362,5460.1689453125,1955.42348176997,0.41411906259941
"MG23212270","Mahazoarivo","Vohipeno","Fitovinany",0.406804851150894,0.306006939205256,0.499209980703961,4791.9775390625,1949.39970949675,0.415268776243176
"MG12110170","Tsiafajavona Ankaratra","Ambatolampy","Vakinankaratra",0.62854482043354,0.523969148889215,0.72087412590724,3093.6962890625,1944.5267784847,0.416415615937981
"MG21219010","Ikalamavony","Ikalamavony","Haute Matsiatra",0.389192532210932,0.283913595760462,0.506309711094258,4976.52197265625,1936.82518814143,0.417557913401937
"MG21224130a","Lamosina","Vohibato","Haute Matsiatra",0.422897538402251,0.332394697973809,0.528280042487563,4578.9638671875,1936.43254786645,0.41869997929518
"MG13112210","Andolofotsy","Miarinarivo","Itasy",0.463833556345652,0.369073554643899,0.555390541985957,4156.453125,1927.90243475275,0.419837014312824
"MG21205050","Iarintsena","Ambalavao","Haute Matsiatra",0.43183242845909,0.34420480403281,0.52776806507362,4429.84912109375,1912.95250366928,0.420965232185552
"MG24221050","Begogo","Iakora","Ihorombe",0.468294462048907,0.354707181400933,0.58379401368485,4082.8515625,1911.97677608648,0.422092874595326
"MG71713070","Mahavanona","Antsiranana II","Diana",0.254382772233177,0.15923298160585,0.368262181514405,7501.0712890625,1908.14330923041,0.42321825610954
"MG14111090","Ankadinondry Sakay","Tsiroanomandidy","Bongolava",0.369172080899319,0.300047419294372,0.447184621063853,5167.21728515625,1907.59235762007,0.424343312684451
"MG23209490","Namorona","Mananjary","Vatovavy",0.389876063898409,0.278365828301512,0.504739220680404,4882.63916015625,1903.62413719795,0.425466028889073
"MG24221010","Iakora","Iakora","Ihorombe",0.437411274294353,0.323606124417371,0.558477765541974,4347.2978515625,1901.55709298906,0.426587525995879
"MG52516014","Anjeky Ankilikira","Ambovombe-Androy","Androy",0.491547677492961,0.393569090983161,0.58678714293627,3867.17016601562,1900.89851357505,0.427708634686839
"MG11102210","Manandriana","Antananarivo Avaradrano","Analamanga",0.489255374981071,0.381331758753545,0.601446311173492,3884.67333984375,1900.59731156422,0.428829565735389
"MG23211111","Ankarimbelo","Ikongo","Fitovinany",0.425661696100241,0.323441304533528,0.521884686273458,4458.662109375,1897.88167581444,0.429948895160907
"MG14111230","Belobaka","Tsiroanomandidy","Bongolava",0.360683154697647,0.247924296328696,0.491938682993302,5246.6845703125,1892.39074252378,0.431064986153132
"MG13112130","Mandiavato","Miarinarivo","Itasy",0.55403215848757,0.46257904572378,0.635287171134745,3409.77905273438,1889.12724855213,0.432179152407435
"MG72711010","Sambava Cu","Sambava","Sava",0.359922054600243,0.250853640891865,0.484497681558294,5216.60888671875,1877.5725885537,0.433286503974025
"MG14111270","Mahasolo","Tsiroanomandidy","Bongolava",0.34864726899141,0.271501932750364,0.430220451064577,5378.86962890625,1875.32820637901,0.434392531852714
"MG23212032","Vohindava","Vohipeno","Fitovinany",0.462049175763942,0.354200865998578,0.566195782646427,4057.31420898438,1874.67868607656,0.435498176658425
"MG12120130","Vasiana","Mandoto","Vakinankaratra",0.359421701266899,0.258439711509657,0.464140631608477,5214.66162109375,1874.26255138472,0.436603576036925
"MG22203070","Ivony Miaramiasa","Ambositra","Amoron I Mania",0.606716032409037,0.50435446986454,0.70588840213252,3086.70776367188,1872.75508758117,0.437708086345988
"MG25222011","Befotaka Sud","Befotaka","Atsimo Atsinanana",0.571593156239999,0.452655243256087,0.698666713704288,3273.78125,1871.27095752683,0.438811721347353
"MG25214312","Vohimalaza","Vangaindrano","Atsimo Atsinanana",0.527398451532292,0.415790850574317,0.646072333958598,3535.57568359375,1864.65714080257,0.439911455663143
"MG21205270","Vohitsaoka","Ambalavao","Haute Matsiatra",0.467001143409245,0.361421897872702,0.586194390148518,3992.14135742188,1864.33457856735,0.441010999738728
"MG25217071","Vohimary","Vondrozo","Atsimo Atsinanana",0.462285567336811,0.358028567941504,0.569535946551809,4014.83959960938,1856.00240207171,0.442105629677435
"MG23211112","Antodinga","Ikongo","Fitovinany",0.405489808110601,0.309869154628324,0.501095200843117,4558.52001953125,1848.43340798806,0.443195795587691
"MG51505011","Ankazoabo Sud","Ankazoabo","Atsimo Andrefana",0.363888694905038,0.253022390785796,0.488573946879473,5075.48828125,1846.91280666988,0.444285064680289
"MG52516092","Ambazoa","Ambovombe-Androy","Androy",0.485618134497244,0.382146922784563,0.589342070973644,3737.55249023438,1815.02326789315,0.445355526014967
"MG11117130","Ambavahaditokana","Antananarivo Atsimondrano","Analamanga",0.418093736369172,0.353376948380426,0.483437816062524,4319.26953125,1805.85953670584,0.446420582779858
"MG25214172","Marokibo","Vangaindrano","Atsimo Atsinanana",0.541501693558723,0.420763803226189,0.657692914283792,3315.49609375,1795.34674975296,0.447479439331146
"MG12110292","Antakasina","Ambatolampy","Vakinankaratra",0.590775352223899,0.4881391536003,0.697383323077526,3035.74658203125,1793.44425626201,0.448537173833061
"MG14111330","Maroharona","Tsiroanomandidy","Bongolava",0.366362018929535,0.285511471287794,0.463839204523809,4866.68505859375,1782.96856356061,0.449588729998759
"MG22203552","Vohidahy","Ambositra","Amoron I Mania",0.573114575732498,0.469244696379679,0.674935212960879,3095.87670898438,1774.2920665897,0.450635168954836
"MG21224030","Vinanitelo","Vohibato","Haute Matsiatra",0.494113051179429,0.402638066699322,0.590167879009838,3574.4697265625,1766.1921429403,0.451676830751726
"MG41405150","Andranomamy","Ambato Boeni","Boeny",0.332826008078764,0.230860772574476,0.436898875363595,5266.451171875,1752.81192027688,0.452710601183659
"MG42409111","Leanja","Port-Berge (Boriziny-Vaovao)","Sofia",0.226045404444551,0.148694906238012,0.32390412945338,7732.39990234375,1747.8734632523,0.453741459020811
"MG33313192","Amparihintsokatra","Ambatondrazaka","Alaotra Mangoro",0.426370592529834,0.334854387644601,0.523481161867621,4084.47509765625,1741.50006756105,0.454768557967497
"MG12110250","Behenjy","Ambatolampy","Vakinankaratra",0.604439633713809,0.518962282935279,0.691422987404273,2880.99438476562,1741.38719065928,0.455795590341836
"MG25214230","Iara","Vangaindrano","Atsimo Atsinanana",0.483424265462383,0.392935302800326,0.582713327130847,3557.90966796875,1719.9798678193,0.456809997141735
"MG52514050","Marovato","Tsihombe","Androy",0.403130320990249,0.286062725102042,0.540097487403039,4250.86572265625,1713.65286326086,0.45782067241165
"MG22203130","Ivato","Ambositra","Amoron I Mania",0.563765249109383,0.4812319153039,0.646279872815238,3025.123046875,1705.45924810802,0.458826515265162
"MG72716050","Fanambana","Vohemar","Sava",0.3054272792926,0.186079019407578,0.437859361831646,5582.94384765625,1705.18334983301,0.459832195399859
"MG41405170","Manerinerina","Ambato Boeni","Boeny",0.327592099921897,0.219900284713845,0.446014935793067,5151.40380859375,1687.55919120288,0.460827481188267
"MG23211052","Ambinanitromby","Ikongo","Fitovinany",0.465110509457062,0.340412665467159,0.591329299655483,3620.98681640625,1684.15902291602,0.461820761631208
"MG51520071","Miary Ambohibola","Toliary-II","Atsimo Andrefana",0.283277241942127,0.190874351776609,0.390737457249781,5933.6435546875,1680.86618083955,0.462812100027351
"MG52516170a","Andragnanivo","Antanimora Sud","Androy",0.451836803951887,0.341096215083558,0.560403542208722,3715.50756835938,1678.80306474655,0.463802221642396
"MG11115130","Fitsinjovana Bakaro","Andramasina","Analamanga",0.579383165855254,0.469447505391552,0.677007878243729,2891.56005859375,1675.32122100865,0.464790289741565
"MG25213310","Mahabo Mananivo","Farafangana","Atsimo Atsinanana",0.512220131978288,0.420128953769237,0.606257996503203,3268.94775390625,1674.42084993599,0.465777826821415
"MG23209310","Ambohinihaonana","Mananjary","Vatovavy",0.39627153701745,0.297690928685354,0.492605986660094,4203.62158203125,1665.77558535125,0.466760265111829
"MG25214290","Fenoambany","Vangaindrano","Atsimo Atsinanana",0.516884421105008,0.40196520269946,0.654267583587587,3222.44482421875,1665.63152750914,0.467742618440053
"MG25213050","Anosivelo","Farafangana","Atsimo Atsinanana",0.487716896232297,0.400173358738473,0.570840167969551,3400.8671875,1658.66038918576,0.468720860342178
"MG72716310","Antsirabe Nord","Vohemar","Sava",0.345785217425767,0.239631190644032,0.46049716586661,4789.42529296875,1656.11246627367,0.469697599534663
"MG54510111","Ankalalobe","Belo Sur Tsiribihina","Menabe",0.222616885707176,0.146109428329291,0.302170038338323,7367.6044921875,1640.15316717298,0.47066492627888
"MG54508159","Befasy","Morondava","Menabe",0.380432064713075,0.285306879911559,0.488479699795274,4296.80517578125,1634.64246469229,0.471629002930364
"MG52516032","Analamary","Ambovombe-Androy","Androy",0.525290286160721,0.432596279953874,0.610113294909822,3104.47387695312,1630.74997120319,0.472590783873661
"MG21220011","Andrainjato Centre","Lalangina","Haute Matsiatra",0.482599944962728,0.392451029384573,0.575892291915795,3370.68359375,1626.69171683052,0.473550171346599
"MG52513091","Tranoroa","Beloha","Androy",0.336324132029307,0.242395297822983,0.430565499584805,4835.98583984375,1626.45874009147,0.474509421414912
"MG22204070","Fiadanana","Fandriana","Amoron I Mania",0.573710125364515,0.476592887660556,0.664872568557852,2832.20703125,1624.8658509567,0.475467732031782
"MG51507050","Amborompotsy","Ampanihy Ouest","Atsimo Andrefana",0.309646445565823,0.23347750010526,0.391956580955055,5239.27197265625,1622.32194368564,0.47642454230735
"MG33313031","Feramanga Nord","Ambatondrazaka","Alaotra Mangoro",0.45382972346521,0.353946614027947,0.56163551419997,3572.12915039062,1621.13838450379,0.477380654545398
"MG24218070","Ivongo","Ivohibe","Ihorombe",0.385826459856153,0.302406485845959,0.487265513972206,4196.98193359375,1619.30668151871,0.478335686484775
"MG52516112","Marovato Befeno","Antanimora Sud","Androy",0.477035466390102,0.349955261870853,0.582542934727291,3385.7353515625,1615.11584250607,0.479288246758251
"MG32318130","Antenina","Soanierana Ivongo","Analanjirofo",0.29871905785565,0.180879188012759,0.444705300479473,5402.72607421875,1613.89724274278,0.480240088328031
"MG12114030","Ambatolahy","Antanifotsy","Vakinankaratra",0.582256530644153,0.490922774707047,0.668089044608124,2763.59033203125,1609.11851885024,0.481189111510166
"MG52516050","Ambonaivo","Ambovombe-Androy","Androy",0.493304177097681,0.400771426242885,0.59702486327768,3255.76342773438,1606.08169854323,0.482136343641586
"MG51520330a","Soahazo","Toliary-II","Atsimo Andrefana",0.304492978832718,0.19572729769483,0.438563095574684,5266.1328125,1603.50046700684,0.483082053418663
"MG25214091","Lopary","Vangaindrano","Atsimo Atsinanana",0.498293721266383,0.404830310296916,0.593205879850835,3216.24487304688,1602.63462629445,0.484027252541678
"MG11117090","Fiombonana","Antananarivo Atsimondrano","Analamanga",0.431300886157831,0.360966068295153,0.510665664461197,3699.18969726562,1595.46379449658,0.484968222463717
"MG11117230","Antanetikely","Antananarivo Atsimondrano","Analamanga",0.563012298121937,0.483877774878098,0.64477064163116,2826.87646484375,1591.5662149785,0.485906893677939
"MG21224010","Mahasoabe","Vohibato","Haute Matsiatra",0.4690549411458,0.371436360509745,0.568747741215503,3387.00512695312,1588.69149048352,0.486843869442039
"MG24216231","Ranohira","Ihosy","Ihorombe",0.345491871666502,0.260679394803847,0.441631126717998,4588.62646484375,1585.33314571731,0.487778864527278
"MG21219050","Solila","Ikalamavony","Haute Matsiatra",0.382435460469001,0.295002824760261,0.481215573424124,4130.55859375,1579.67207779497,0.488710520837509
"MG25214251","Bevata","Vangaindrano","Atsimo Atsinanana",0.504317844143009,0.39076681573725,0.613364602953162,3129.2158203125,1578.1193763582,0.48964126139813
"MG25217012","Manambidala","Vondrozo","Atsimo Atsinanana",0.437667816962415,0.341958080394477,0.539828338399729,3603.64916992188,1577.20126529813,0.490571460476771
"MG52514012","Nikoly","Tsihombe","Androy",0.424839652743548,0.323736185565051,0.542693640390587,3711.8994140625,1576.96205808929,0.491501518476192
"MG33314270","Fierenana","Moramanga","Alaotra Mangoro",0.458991904813376,0.349940049014691,0.568517437855675,3416.53466796875,1568.16175511191,0.492426386247896
"MG52518251","Beraketa","Bekily","Androy",0.438611995561203,0.329595733636573,0.547278161143694,3569.20825195312,1565.49755396267,0.49334968273158
"MG23209331","Marofototra","Mananjary","Vatovavy",0.444095227515333,0.335030205008819,0.562119870860748,3522.017578125,1564.11119767042,0.494272161572409
"MG21220250","Alakamisy Ambohimaha","Lalangina","Haute Matsiatra",0.461134549731526,0.367682242146473,0.561185121215557,3390.44116210938,1563.44955868054,0.49519425019292
"MG25222031a","Antokoboritelo","Befotaka","Atsimo Atsinanana",0.545195802418763,0.407187221484591,0.689089962080577,2864.84619140625,1561.90211813007,0.496115426166576
"MG13105216","Rambolamasoandro Andranomiely","Arivonimamo","Itasy",0.622995894060024,0.523857791848512,0.717246280767578,2504.93579101562,1560.56471268673,0.497035813367525
"MG25222053","Bekofafa Sud","Befotaka","Atsimo Atsinanana",0.495816847702661,0.371262679526988,0.623959498721547,3143.43920898438,1558.57011954358,0.497955024200724
"MG53517291","Isoanala","Betroka","Anosy",0.418805917400287,0.316247843190326,0.528824966507501,3719.0859375,1557.57519794519,0.498873648250756
"MG25214311","Isahara","Vangaindrano","Atsimo Atsinanana",0.501268208423782,0.399492003080304,0.615922705449148,3105.03881835938,1556.4572455653,0.499791612956735
"MG25214212","Ambatolava","Vangaindrano","Atsimo Atsinanana",0.529371861148331,0.420642428768332,0.642732880197011,2937.25122070312,1554.89814536382,0.50070865813925
"MG13112151","Anosibe Ifanja","Miarinarivo","Itasy",0.469116879607292,0.373725033841432,0.56830297854382,3312.1005859375,1553.76229182048,0.501625033419995
"MG23211073","Sahalanona","Ikongo","Fitovinany",0.405612447717795,0.309313331655335,0.512718166501645,3786.54150390625,1535.86836778443,0.502530855252669
"MG23209032","Ankatafana","Mananjary","Vatovavy",0.381107241787452,0.275089593747819,0.504121287299522,4025.72680664062,1534.23363946861,0.503435712958058
"MG13112030","Miarinarivo II","Miarinarivo","Itasy",0.522930096075878,0.447638556435295,0.601776496602402,2925.01489257812,1529.57831879925,0.504337825056344
"MG53519291","Ebelo","Amboasary-Atsimo","Anosy",0.447139795601046,0.350600833359233,0.552661540082745,3415.64599609375,1527.27125253889,0.505238576497016
"MG72710210","Ambohitralanana","Antalaha","Sava",0.302798592444038,0.199850387854093,0.414648723624654,5032.89404296875,1523.95323213092,0.506137371041257
"MG23209392","Antaretra","Mananjary","Vatovavy",0.425846031565146,0.333266468486854,0.520529400179967,3569.93334960938,1520.24194988322,0.50703397675177
"MG23210070","Ambila","Manakara Atsimo","Fitovinany",0.409460445877098,0.306284940268606,0.518799375816453,3710.87817382812,1519.45783165126,0.507930120006365
"MG23206110","Antsindra","Ifanadiana","Vatovavy",0.465153435542999,0.353774955279487,0.581122248044181,3259.927734375,1516.36658526643,0.508824440110927
"MG21224230","Andranomiditra","Vohibato","Haute Matsiatra",0.48096578957808,0.387337388466557,0.576232648617924,3150.68310546875,1515.3707875321,0.509718172915596
"MG25214032","Tsianofana","Vangaindrano","Atsimo Atsinanana",0.529730910013248,0.428003929403134,0.634717602001176,2853.84643554688,1511.77066934031,0.510609782448684
"MG33312131","Amboavory","Amparafaravola","Alaotra Mangoro",0.44642731627182,0.346659342039804,0.542676093824285,3380.71606445312,1509.24399973084,0.511499901806868
"MG11117210","Soalandy","Antananarivo Atsimondrano","Analamanga",0.607501688238379,0.522136141088232,0.692180992420782,2479.06494140625,1506.03613715688,0.512388129237322
"MG52514031","Betanty (Faux Cap)","Tsihombe","Androy",0.432390800059622,0.313892832096698,0.558633177339826,3482.27319335938,1505.70289210283,0.513276160127074
"MG33314110","Morarano Gara","Moramanga","Alaotra Mangoro",0.409419073067709,0.304839011861131,0.514131881822194,3642.57885742188,1491.3412593817,0.514155720837517
"MG24216131","Ambatolahy","Ihosy","Ihorombe",0.339902418000941,0.257490587873778,0.427659123137983,4383.92333984375,1490.10614354365,0.515034553103442
"MG72716070","Milanoa","Vohemar","Sava",0.32242346653919,0.212679907600868,0.454882447010575,4600.38427734375,1483.27184611356,0.515909354649058
"MG11117070","Bemasoandro","Antananarivo Atsimondrano","Analamanga",0.418093736369172,0.353376948380426,0.483437816062524,3528.92724609375,1475.42237769431,0.516779526748545
"MG23210052","Anosiala","Manakara Atsimo","Fitovinany",0.398564312560147,0.301324118046976,0.508800441647327,3694.7353515625,1472.58965548718,0.517648028169948
"MG12120110","Fidirana","Mandoto","Vakinankaratra",0.365342873026327,0.279610418390689,0.46513666175269,4029.39306640625,1472.11003943322,0.518516246724212
"MG12109010","Betafo","Betafo","Vakinankaratra",0.456679349166904,0.347320394343669,0.567095415764841,3218.697265625,1469.91257243092,0.519383169260126
"MG33314350","Andaingo","Moramanga","Alaotra Mangoro",0.460854423567445,0.360989484991673,0.55933769775328,3179.95874023438,1465.49805219897,0.520247488207808
"MG13113011","Soavinandriana","Soavinandriana","Itasy",0.455768133715489,0.370327146926876,0.548493865642229,3209.32299804688,1462.70715331002,0.521110161143893
"MG21208290","Fiadanana","Ambohimahasoa","Haute Matsiatra",0.539309550688303,0.450350430816209,0.632645262036406,2703.66455078125,1458.11211409373,0.521970124025567
"MG51506130","Ankazombalala","Betioky Atsimo","Atsimo Andrefana",0.356095396658227,0.255322909510091,0.465016917844595,4072.55322265625,1450.21745523352,0.522825430808771
"MG23211113","Kalafotsy","Ikongo","Fitovinany",0.383143242919302,0.290613743111361,0.471266176682908,3780.09106445312,1448.31634896485,0.523679616360755
"MG25214211","Ambongo","Vangaindrano","Atsimo Atsinanana",0.51963755928844,0.407919019061503,0.631322811430155,2770.2578125,1439.53000828723,0.524528619919684
"MG25213170","Mahafasa Centre","Farafangana","Atsimo Atsinanana",0.469012271492347,0.375219212276113,0.555188908502008,3069.19604492188,1439.49060868414,0.525377600241582
"MG24216170","Sakalalina","Ihosy","Ihorombe",0.33311614431125,0.238604172886679,0.431137795424044,4320.5361328125,1439.24033791994,0.526226432959215
"MG71718005","Dzamandzar","Nosy-Be","Diana",0.279498037859411,0.188097280275358,0.394424681897858,5148.97802734375,1439.1292556238,0.52707520016292
"MG25215051","Ivondro","Midongy-Atsimo","Atsimo Atsinanana",0.441504422778631,0.3295745957847,0.560366669803904,3242.173828125,1431.43408453431,0.527919428921713
"MG25215011","Midongy (Nosifeno)","Midongy-Atsimo","Atsimo Atsinanana",0.523935791911615,0.402928992230938,0.632238558650164,2714.537109375,1422.24315007386,0.528758237066818
"MG11103430","Avaratsena","Ambohidratrimo","Analamanga",0.483827053969967,0.379743347548415,0.57769228877098,2930.984375,1418.08953538826,0.529594595500122
"MG25213250","Beretra Bevoay","Farafangana","Atsimo Atsinanana",0.464182235313888,0.375344355362052,0.542523882679944,3049.9609375,1415.73768558879,0.530429566863452
"MG51520330","Analamisampy","Toliary-II","Atsimo Andrefana",0.306583098159959,0.199297762398056,0.439859228617268,4601.1826171875,1410.64482197709,0.531261534566348
"MG11115071","Alatsinainy Bakaro","Andramasina","Analamanga",0.563821095025698,0.462758483655136,0.662061097956814,2500.17895507812,1409.65363621235,0.532092917689389
"MG32305070","Ampasina Maningory","Fenerive Est","Analanjirofo",0.41542282692883,0.318144462521524,0.496464648796712,3389.86987304688,1408.22932558201,0.53292346078493
"MG21205090","Anjoma","Ambalavao","Haute Matsiatra",0.444630289252714,0.356679720932565,0.534815387530506,3165.80224609375,1407.61156839756,0.53375363954069
"MG42409050","Tsarahasina","Port-Berge (Boriziny-Vaovao)","Sofia",0.303429093487796,0.204886724985602,0.411104601878059,4636.6298828125,1406.88840218022,0.534583391788709
"MG25213270","Ambohigogo","Farafangana","Atsimo Atsinanana",0.473449649246893,0.386134782659049,0.557752362886617,2959.14404296875,1401.00570921459,0.53540967455208
"MG11103251","Manjakavaradrano","Ambohidratrimo","Analamanga",0.503920211154837,0.38975720487071,0.605608646921787,2779.14575195312,1400.46771415429,0.536235640017639
"MG22202030","Itremo","Ambatofinandrahana","Amoron I Mania",0.405469441726249,0.308625074527997,0.503753106591747,3453.55541992188,1400.31118808638,0.537061513167521
"MG24216070","Sahambano","Ihosy","Ihorombe",0.354331491633413,0.257612263902107,0.447830303108944,3948.83569335938,1399.19684144329,0.537886729099936
"MG32304050","Manambolosy","Mananara-Avaratra","Analanjirofo",0.346171278737657,0.237560909667582,0.459399374091531,4040.060546875,1398.55292568928,0.538711565264813
"MG24221030","Ranotsara Nord","Iakora","Ihorombe",0.396778967672973,0.307769380047408,0.491836756405786,3515.70068359375,1394.95608788349,0.539534280092808
"MG21224270","Mahaditra","Vohibato","Haute Matsiatra",0.507085560626154,0.410295635529367,0.603160034602361,2745.6630859375,1392.28610522315,0.540355420222974
"MG22202150","Mandrosonoro","Ambatofinandrahana","Amoron I Mania",0.34527202386588,0.252888236663134,0.446942315698517,4027.28442382812,1390.50864369867,0.541175512044905
"MG33314350a","Bembary","Moramanga","Alaotra Mangoro",0.457460173980494,0.367122869293991,0.556042192834132,3023.541015625,1383.14959904497,0.541991263662003
"MG31310110","Mahavelona (Foulpointe)","Toamasina II","Atsinanana",0.384733353855883,0.285266402896683,0.495580636296851,3590.96875,1381.56545077917,0.542806080982831
"MG54511012","Dabolava","Miandrivazo","Menabe",0.32082313821782,0.208354671851872,0.447547793262883,4305.39697265625,1381.27096804108,0.543620724624131
"MG21224210","Vohibato Ouest","Vohibato","Haute Matsiatra",0.477585060196913,0.379204102050619,0.575730638817223,2889.76098632812,1380.10667461021,0.544434681590433
"MG12120070","Anjoma Ramartina","Mandoto","Vakinankaratra",0.349952138292638,0.229544347370157,0.475820498365323,3929.27807617188,1375.05926470273,0.545245661703908
"MG41405090","Anjiajia","Ambato Boeni","Boeny",0.320803011976972,0.232735649853339,0.422232006239468,4278.58251953125,1372.58215925765,0.546055180874348
"MG23206130","Ambohimanga Du Sud","Ifanadiana","Vatovavy",0.499356552463278,0.397878836968981,0.598255691603017,2742.87670898438,1369.67345723026,0.546862984555455
"MG22203290a","Ambohiperivoana","Ambositra","Amoron I Mania",0.555122071179485,0.456328511401703,0.649449978107955,2463.41772460938,1367.49754946541,0.547669504933383
"MG41405112","Ambondromamy","Ambato Boeni","Boeny",0.342990944767828,0.231064798440517,0.460794435725958,3983.93823242188,1366.45473823505,0.548475410283878
"MG24216151","Zazafotsy","Ihosy","Ihorombe",0.362869815067821,0.275716711613452,0.462487746344203,3763.4677734375,1365.64885496097,0.549280840341907
"MG25213410","Ambalavato Nord","Farafangana","Atsimo Atsinanana",0.433757720905471,0.338104788296461,0.521585045937252,3147.89013671875,1365.42165136394,0.550086136400185
"MG32315130","Miarinarivo","Vavatenina","Analanjirofo",0.367381135775018,0.261513255746151,0.477105449817737,3715.6728515625,1365.06811237543,0.55089122394884
"MG24216231a","Andohan'Ilakaka","Ihosy","Ihorombe",0.405038587755745,0.316645549201813,0.506033186404509,3355.93432617188,1359.28290007368,0.551692899504827
"MG13113230","Tamponala","Soavinandriana","Itasy",0.37301118239345,0.290501615973484,0.46551990184407,3639.01806640625,1357.39443170132,0.552493461283151
"MG23211072","Tanakambana","Ikongo","Fitovinany",0.412149152641498,0.316135866981122,0.508924042175626,3275.30053710938,1349.91234101587,0.553289610286761
"MG53515115","Andranobory","Taolagnaro","Anosy",0.484086034927058,0.381144966415157,0.581120972249291,2782.81225585938,1347.12055088539,0.554084112753138
"MG71715009","Diego Suarez","Antsiranana I","Diana",0.304054074860662,0.199926119480976,0.432819136463324,4427.76416015625,1346.27973541751,0.554878119324799
"MG11103050","Talatamaty","Ambohidratrimo","Analamanga",0.464614588641825,0.394575893170899,0.540053352913332,2897.25122070312,1346.10518409901,0.555672022949881
"MG42412230a","Belalona","Befandriana Nord","Sofia",0.320792630612222,0.224240021715766,0.4425395651696,4193.37060546875,1345.20238766029,0.556465394125215
"MG32304092","Tanibe","Mananara-Avaratra","Analanjirofo",0.320202895743037,0.205093161012286,0.440166686964192,4195.1220703125,1343.29023490959,0.557257637554353
"MG32304130","Saromaona","Mananara-Avaratra","Analanjirofo",0.348122614699854,0.226315093864224,0.459321026692916,3851.921875,1340.94111474456,0.558048495523397
"MG54509091","Ankilizato","Mahabo","Menabe",0.32508456474257,0.230817812789856,0.416981024774685,4090.62744140625,1329.79984131356,0.558832782611154
"MG33313130a","Ambohidava","Ambatondrazaka","Alaotra Mangoro",0.398904496775053,0.306938402703136,0.495105636115141,3328.43334960938,1327.72703037523,0.559615847200003
"MG13105211","Manalalondo","Arivonimamo","Itasy",0.583614489471295,0.479363658840617,0.682268495813607,2273.59057617188,1326.9004033793,0.560398424262188
"MG52518151","Ambahita","Bekily","Androy",0.389305235639041,0.296949604308488,0.490074634994479,3407.76684570312,1326.66147486937,0.561180860409524
"MG24216232","Ilakaka","Ihosy","Ihorombe",0.377579778314786,0.292323129618158,0.458799680247212,3509.77099609375,1325.21855464074,0.561962445553822
"MG11104090","Fihaonana","Ankazobe","Analamanga",0.533564013853413,0.432688181392764,0.629995848239161,2483.32080078125,1325.01061415052,0.562743908059332
"MG42411190","Antonibe","Analalava","Sofia",0.264055003500392,0.166321537369938,0.377712874497132,5016.2509765625,1324.56616917505,0.56352510844084
"MG11117312","Alakamisy Fenoarivo","Antananarivo Atsimondrano","Analamanga",0.481667462595128,0.406216641906983,0.55449672650871,2749.87377929688,1324.5247257308,0.564306284379904
"MG33312090","Ambohijanahary","Amparafaravola","Alaotra Mangoro",0.422106723737718,0.326524541567786,0.521648169961364,3133.8291015625,1322.81033481446,0.565086449208411
"MG25213450","Tovona","Farafangana","Atsimo Atsinanana",0.48993479804967,0.409057668501062,0.572253272710663,2686.76684570312,1316.34057195611,0.565862798311187
"MG33313193","Antanandava","Ambatondrazaka","Alaotra Mangoro",0.446003910291427,0.337541768823439,0.55697683959551,2939.38525390625,1310.97731709515,0.566635984282637
"MG11107310","Ambohibary Vohilena","Anjozorobe","Analamanga",0.443894859651806,0.341828268643353,0.555820188510606,2953.25024414062,1310.93260263947,0.567409143882471
"MG42412170","Ambolidibe Est","Befandriana Nord","Sofia",0.289268212564358,0.1908464988321,0.400831585362615,4527.90576171875,1309.77920635224,0.568181623234206
"MG51504110","Befandriana Sud","Morombe","Atsimo Andrefana",0.33977426302218,0.237846290716516,0.467094283548255,3853.98022460938,1309.4832905187,0.568953928061204
"MG12109212","Anosiarivo Manapa","Betafo","Vakinankaratra",0.461608947586812,0.344422552411639,0.580081568352099,2835.76513671875,1309.01456036411,0.569725956441328
"MG71717090a","Antanabe","Ambilobe","Diana",0.265498697218506,0.177408303795762,0.375057512344622,4921.16357421875,1306.56251775425,0.570496538659935
"MG23211032","Belemoka","Ikongo","Fitovinany",0.433856602855465,0.340193952096768,0.543704163424012,3009.27880859375,1305.59548094142,0.571266550541215
"MG52513070","Marolinta","Beloha","Androy",0.344327854392398,0.249800910366486,0.448307528161482,3781.15258789062,1301.95615771864,0.572034416028638
"MG25222052","Beharena","Befotaka","Atsimo Atsinanana",0.530914932408885,0.413170268121488,0.657504458372243,2450.68823242188,1301.10697727151,0.572801780687861
"MG22203090","Andina","Ambositra","Amoron I Mania",0.550408623627367,0.462742745874115,0.639523527110402,2362.0712890625,1300.10440712261,0.573568554052967
"MG25214031","Ampasimalemy","Vangaindrano","Atsimo Atsinanana",0.504182310778218,0.405684693186985,0.601684221062875,2575.42333984375,1298.48289071458,0.574334371082886
"MG33316012","Bemaitso","Andilamena","Alaotra Mangoro",0.465027313130861,0.345043365209444,0.583847846577959,2791.83325195312,1298.27871586516,0.575100067694909
"MG72716030","Ampondra","Vohemar","Sava",0.299934041412361,0.174623632231104,0.44072572552656,4321.6171875,1296.20010848399,0.575864538389408
"MG11103130","Ambohitrimanjaka","Ambohidratrimo","Analamanga",0.446330883664679,0.356591751502103,0.537496123951263,2901.45385742188,1295.0084640954,0.576628306277907
"MG72711079","Farahalana","Sambava","Sava",0.326354915353739,0.22863133947808,0.434512158686191,3945.31494140625,1287.57292374648,0.57738768884607
"MG13112050","Ambatomanjaka","Miarinarivo","Itasy",0.519308501563654,0.437725681982538,0.600022773614606,2475.5751953125,1285.58724518589,0.57814590030411
"MG52514011a","Ankilivalo","Tsihombe","Androy",0.467048725298727,0.361042532329273,0.573114781663501,2747.81005859375,1283.36118522923,0.578902798880297
"MG71717190","Beramanja","Ambilobe","Diana",0.240889841822529,0.163482311903848,0.339024916882515,5280.6171875,1272.0470390222,0.579653024618585
"MG41405019","Ambatoboeny","Ambato Boeni","Boeny",0.302549204891573,0.213436351334418,0.39602060524745,4203.75048828125,1271.84136779206,0.580403129056445
"MG12120010","Mandoto","Mandoto","Vakinankaratra",0.365734380300197,0.257433387445129,0.478673015525208,3469.03466796875,1268.74524452945,0.581151407467995
"MG42409070","Tsiningia","Port-Berge (Boriziny-Vaovao)","Sofia",0.25738574560916,0.165703523646038,0.358551541574124,4928.861328125,1268.61864794361,0.581899611215626
"MG41405111","Tsaramandroso","Ambato Boeni","Boeny",0.342560078607273,0.234251813259171,0.45261754931092,3688.3076171875,1263.46694727155,0.582644776602
"MG11104110","Mahavelona","Ankazobe","Analamanga",0.527010377850967,0.411503283541138,0.638012454812818,2394.10278320312,1261.71701238993,0.583388909914757
"MG51501001a","Toliara","Toliary-I","Atsimo Andrefana",0.229799758471979,0.149438075416749,0.312258354142318,5487.439453125,1261.01226095773,0.584132627580414
"MG72711290","Marojala","Sambava","Sava",0.321558804310915,0.228242880566273,0.43653964053396,3920.5107421875,1260.67474654591,0.584876146187395
"MG23207090","Vohilava","Nosy-Varika","Vatovavy",0.425466461639794,0.303577226059967,0.549403999886578,2961.73388671875,1260.1184371009,0.585619336695139
"MG22203551","Ambinanindrano","Ambositra","Amoron I Mania",0.55459311178539,0.454318329422445,0.655565082746082,2252.98168945312,1249.48812594931,0.586356257676058
"MG12110010","Ambatolampy","Ambatolampy","Vakinankaratra",0.572459704116498,0.463884986514619,0.683603769452894,2181.98852539062,1249.10050563071,0.587092950046926
"MG31308030","Tsaravinany","Mahanoro","Atsinanana",0.342220738858631,0.242742105487122,0.463108173815771,3646.42895507812,1247.88361120234,0.587828924719868
"MG71713231","Anivorano Nord","Antsiranana II","Diana",0.279232352790184,0.188722216824561,0.383694363458919,4468.3017578125,1247.6944128105,0.588564787807705
"MG23206190","Maroharatra","Ifanadiana","Vatovavy",0.498956063051859,0.387520291939349,0.609744962403536,2498.99609375,1246.88925251948,0.589300176029476
"MG23210171","Amboanjo","Manakara Atsimo","Fitovinany",0.420093901955624,0.319997679549664,0.521234616942146,2966.0322265625,1246.01205138277,0.590035046897052
"MG11115091","Ambohimiadana","Andramasina","Analamanga",0.514637047192634,0.408249099916013,0.61976482831806,2413.9951171875,1242.33131904681,0.590767746948574
"MG31309010","Marolambo","Marolambo","Atsinanana",0.438032925878969,0.340886557605764,0.540593776998088,2834.45385742188,1241.58411643543,0.591500006316211
"MG25215031","Andranolalina","Midongy-Atsimo","Atsimo Atsinanana",0.504439502658938,0.380002586671803,0.618684229520272,2457.07666015625,1239.4465284441,0.59223100498084
"MG54509110","Mandabe","Mahabo","Menabe",0.342531542215301,0.236826832113264,0.460052425073286,3613.82983398438,1237.85070633833,0.592961062464223
"MG12109390","Alarobia Bemaha","Betafo","Vakinankaratra",0.47803545636597,0.369917574651914,0.587689715060948,2588.83911132812,1237.55688604181,0.593690946658771
"MG51520090","Maromiandra","Toliary-II","Atsimo Andrefana",0.29219130702406,0.201980975098618,0.385026436295691,4225.7451171875,1234.72598894156,0.594419161251644
"MG52513030","Tranovaho","Beloha","Androy",0.371877786530584,0.26342162854726,0.486395326152161,3318.1484375,1233.94569631742,0.595146915644861
"MG51512172","Mitsinjo","Sakaraha","Atsimo Andrefana",0.318183126244477,0.203725324696025,0.435640443918661,3876.46899414062,1233.42702334545,0.595874364136015
"MG22203410","Antoetra","Ambositra","Amoron I Mania",0.556902375897744,0.459337990045276,0.649273849061749,2206.841796875,1228.99543991013,0.596599198975431
"MG42412210","Antsakabary","Befandriana Nord","Sofia",0.31169946765572,0.208047832276944,0.420704651886435,3937.93359375,1227.45180483545,0.597323123412379
"MG11103010","Ambohidratrimo","Ambohidratrimo","Analamanga",0.464614588641825,0.394575893170899,0.540053352913332,2640.962890625,1227.02988704606,0.598046799011371
"MG33312151","Vohimena","Amparafaravola","Alaotra Mangoro",0.467671814661222,0.364314604323544,0.561723816250711,2620.19287109375,1225.39035478681,0.598769507649817
"MG11102410","Masindray","Antananarivo Avaradrano","Analamanga",0.557916936993754,0.45917282939996,0.655996002965389,2194.3681640625,1224.27516473036,0.599491558573369
"MG32304011a","Analampotsy","Mananara-Avaratra","Analanjirofo",0.335969007432544,0.224828171005951,0.437926908884904,3639.94140625,1222.90750137043,0.600212802878751
"MG53519050","Tanandava Sud","Amboasary-Atsimo","Anosy",0.494266302489489,0.392901681618896,0.601222931475496,2466.70849609375,1219.21088768367,0.600931867001603
"MG14119032","Morarano Maritampona","Fenoarivobe","Bongolava",0.532374510786825,0.437774426262345,0.628421693476164,2287.45629882812,1217.78342803487,0.601650089239733
"MG33312014","Sahamamy","Amparafaravola","Alaotra Mangoro",0.42419889019045,0.324437196758131,0.52656388923987,2870.16186523438,1217.51947789937,0.6023681558058
"MG12109490","Andrembesoa","Betafo","Vakinankaratra",0.395205552351777,0.288096333041043,0.504096013588599,3076.35888671875,1215.79411305798,0.603085204789127
"MG21219110","Tanamarina Sakay","Ikalamavony","Haute Matsiatra",0.377277156200425,0.277769562253456,0.494525717946605,3216.08422851562,1213.35511183541,0.603800815302463
"MG72716150","Tsarabaria","Vohemar","Sava",0.328483987754511,0.216662147254642,0.455448667394986,3686.14086914062,1210.83825212019,0.604514941426559
"MG12120090","Ankazomiriotra","Mandoto","Vakinankaratra",0.397419932929774,0.304663437621959,0.504300942024402,3040.04907226562,1208.17609840303,0.605227497470165
"MG25217013","Anandravy","Vondrozo","Atsimo Atsinanana",0.468998461576606,0.369906515168941,0.565338647027094,2575.45288085938,1207.88343898608,0.605939880909597
"MG13113090","Ampefy","Soavinandriana","Itasy",0.435347618856377,0.342492855204008,0.53806994107131,2773.05151367188,1207.24137344312,0.606651885672707
"MG52516072","Maroalopoty","Ambovombe-Androy","Androy",0.508755732229115,0.411673366204482,0.608411734516737,2372.62866210938,1207.08843229924,0.607363800234449
"MG72712310","Doany","Andapa","Sava",0.302909125538472,0.196637123266935,0.433184195297516,3981.19140625,1205.93920746847,0.608075037008325
"MG24218030","Antambohobe","Ivohibe","Ihorombe",0.418818999854397,0.320794233933153,0.52247730937792,2873.35522460938,1203.4157613973,0.608784785508472
"MG12118350","Tsarahonenana Sahanivotry","Antsirabe II","Vakinankaratra",0.574255487353611,0.466106547045273,0.673390787119488,2088.4501953125,1199.30398472292,0.609492108971967
"MG22203491","Ambohimitombo I","Ambositra","Amoron I Mania",0.59171813984489,0.500980507147035,0.690435753629395,2025.32458496094,1198.42129599521,0.610198911844807
"MG33316031","Antanimenabaka","Andilamena","Alaotra Mangoro",0.461696036697831,0.343862752548234,0.572077617664859,2591.50219726562,1196.48629357126,0.610904573495209
"MG24216210","Analavoka","Ihosy","Ihorombe",0.359497818677692,0.27142581565198,0.455277570670046,3325.36645507812,1195.46198690456,0.611609631031769
"MG14119071","Ambohitromby","Fenoarivobe","Bongolava",0.282472100947875,0.190256445640255,0.390693666565663,4214.08251953125,1190.3607428597,0.612311679965295
"MG23210190","Vohimasy","Manakara Atsimo","Fitovinany",0.413508733241639,0.303692710294371,0.525611347710082,2875.10546875,1188.88122031892,0.613012856308535
"MG51507030","Ankiliabo","Ampanihy Ouest","Atsimo Andrefana",0.307362707312944,0.222726204191685,0.406986030426563,3855.1298828125,1184.92315782428,0.613711698272411
"MG52516071","Maroalomainty","Ambovombe-Androy","Androy",0.501099774957536,0.40577795785395,0.602313356004426,2362.06762695312,1183.63155630069,0.614409778477738
"MG21205212","Ambinaniroa","Ambalavao","Haute Matsiatra",0.363795035045748,0.276733527933025,0.468910906092087,3251.42309570312,1182.85157904987,0.615107398669409
"MG33314190","Beforona","Moramanga","Alaotra Mangoro",0.409412583776631,0.295811336589571,0.530795756626072,2883.54907226562,1180.56127612298,0.615803668090118
"MG25215052","Soakibany","Midongy-Atsimo","Atsimo Atsinanana",0.450094366298848,0.344926793866523,0.556301289388667,2617.82885742188,1178.27002066014,0.616498586178077
"MG24218010","Ivohibe","Ivohibe","Ihorombe",0.402486090015243,0.303215636564727,0.503829885430184,2917.32299804688,1174.18192679543,0.617191093196994
"MG23207112","Vohidroa","Nosy-Varika","Vatovavy",0.472919577019356,0.361060014406536,0.588090625339897,2481.248046875,1173.43077680823,0.617883157203948
"MG53515253","Soavary","Taolagnaro","Anosy",0.544626753131954,0.410654394297198,0.665707607102824,2143.51123046875,1167.41356175208,0.618571672388046
"MG21225190","Fanjakana","Isandra","Haute Matsiatra",0.449546968703915,0.343929009124508,0.561146305194993,2587.73022460938,1163.30627829664,0.619257765185495
"MG13112112","Alatsinainikely","Miarinarivo","Itasy",0.385899308021248,0.318279821801636,0.471532168306041,3003.16430664062,1158.91902780673,0.619941270477816
"MG53517130","Ianabinda","Betroka","Anosy",0.40466083807479,0.306847141564844,0.511105031392586,2860.66674804688,1157.59980371733,0.620623997720397
"MG32318090","Ambahoabe","Soanierana Ivongo","Analanjirofo",0.343517439999486,0.248013382715875,0.445390592695808,3367.03295898438,1156.63454246421,0.621306155672839
"MG53519190","Mahaly","Amboasary-Atsimo","Anosy",0.442983718148855,0.33736119939695,0.546319205549995,2610.71557617188,1156.50449296175,0.621988236924907
"MG33314250a","Amboasary","Moramanga","Alaotra Mangoro",0.458675554782869,0.358098048050958,0.554899460202167,2516.984375,1154.47920458294,0.622669123705841
"MG21208212","Vohitrarivo","Ambohimahasoa","Haute Matsiatra",0.447009144483312,0.360702379274884,0.541607606188643,2579.30517578125,1152.97299998736,0.623349122159991
"MG51506011","Betioky Atsimo","Betioky Atsimo","Atsimo Andrefana",0.344875440622815,0.244735441075919,0.45528771807358,3338.07055664062,1151.21855405148,0.624028085880003
"MG21205230","Ambohimahamasina","Ambalavao","Haute Matsiatra",0.469232384549066,0.368945486219307,0.558262499253829,2451.291015625,1150.22512848542,0.624706463699174
"MG53515230a","Tanandava Mandrare","Taolagnaro","Anosy",0.526377973223263,0.401797316545262,0.641094947205085,2175.56689453125,1145.17049255499,0.625381860403767
"MG23207152","Androrangavola","Nosy-Varika","Vatovavy",0.458649787073213,0.347536318901925,0.574893150569039,2495.17626953125,1144.41206473064,0.626056809804088
"MG25213210","Iabohazo","Farafangana","Atsimo Atsinanana",0.49522367619247,0.411105530140414,0.59454765002265,2310.1533203125,1144.0426198534,0.626731541313838
"MG32315050","Ambohibe","Vavatenina","Analanjirofo",0.406315565883428,0.305024121679751,0.509207540169403,2809.96459960938,1141.73235640268,0.627404910280341
"MG33314170","Ambohidronono","Moramanga","Alaotra Mangoro",0.425820054374857,0.339368979945197,0.517658700105203,2651.65209960938,1129.12664123887,0.628070844669603
"MG25214313","Vatanato","Vangaindrano","Atsimo Atsinanana",0.494672735879141,0.389723411558054,0.609026133941504,2281.18798828125,1128.44150321772,0.628736374979329
"MG53515031","Ampasy Nahampoana","Taolagnaro","Anosy",0.524624359851861,0.39987508952209,0.651194938352911,2149.732421875,1127.80199567896,0.629401528121387
"MG12120150","Vinany","Mandoto","Vakinankaratra",0.360446378572096,0.277103982955101,0.457004550239566,3125.60375976562,1126.61255605885,0.630065979757769
"MG11115110","Alarobia Vatosola","Andramasina","Analamanga",0.529993115530684,0.419211529861284,0.638038888012444,2121.55322265625,1124.40860223975,0.630729131550018
"MG13105292","Miandrandra","Arivonimamo","Itasy",0.611388802212474,0.526997765693173,0.695213514839804,1838.65270996094,1124.13167802774,0.631392120018376
"MG23209070","Tsiatosika","Mananjary","Vatovavy",0.410499895406631,0.294705806160917,0.537198709789868,2734.49267578125,1122.5089573984,0.632054151441323
"MG53519110","Tranomaro","Amboasary-Atsimo","Anosy",0.461403169771046,0.352666241469686,0.569254106563962,2425.27197265625,1119.02817574047,0.632714129974786
"MG24216090","Analaliry","Ihosy","Ihorombe",0.376787477199758,0.277233496163444,0.472136874685897,2968.51416015625,1118.49896143703,0.633373796389138
"MG12118230","Antsoatany","Antsirabe II","Vakinankaratra",0.569369978896056,0.468450058766733,0.656845487152899,1959.95129394531,1115.93742687094,0.634031952065992
"MG23210090","Sorombo","Manakara Atsimo","Fitovinany",0.414075844621763,0.31499703684253,0.516758528282578,2691.64697265625,1114.54599362625,0.634689287105714
"MG21224050","Alakamisy Itenina","Vohibato","Haute Matsiatra",0.471582439238651,0.368970428461626,0.578303127901876,2362.99658203125,1114.34769206689,0.63534650519148
"MG54510151","Belinta","Belo Sur Tsiribihina","Menabe",0.241026855813222,0.158043064704582,0.330718906269247,4616.20068359375,1112.62833656945,0.636002709238686
"MG51512011","Sakaraha","Sakaraha","Atsimo Andrefana",0.391621707778664,0.283466978434981,0.508687704935601,2837.87353515625,1111.37288029777,0.636658172845028
"MG23210211","Lokomby","Manakara Atsimo","Fitovinany",0.415060480703908,0.316811172660225,0.52485289317253,2674.83544921875,1110.21848735659,0.637312955615466
"MG54510011","Belo Sur Tsiribihina","Belo Sur Tsiribihina","Menabe",0.251373087412647,0.175704860571113,0.354136033240333,4403.5537109375,1106.93489190578,0.637965801792565
"MG21219090","Fitampito","Ikalamavony","Haute Matsiatra",0.317480557052029,0.228915902394646,0.429384407019741,3482.65063476562,1105.67386354299,0.638617904242503
"MG25214050","Tsiately","Vangaindrano","Atsimo Atsinanana",0.49895431026867,0.392416659273,0.612056275681174,2213.95263671875,1104.66121082151,0.639269409451841
"MG32304151a","Mahanoro","Mananara-Avaratra","Analanjirofo",0.303014895487114,0.19040880629992,0.416886887471156,3644.65063476562,1104.38343118055,0.639920750832776
"MG52518170","Belindo Mahasoa","Bekily","Androy",0.402744472810201,0.31692630983095,0.494104664902612,2735.650390625,1101.76807436529,0.640570549733018
"MG71719010","Ambanja","Ambanja","Diana",0.286799289505681,0.190326487937044,0.393536303313753,3839.35913085938,1101.12547088762,0.641219969639674
"MG41406052","Marovoay","Marovoay","Boeny",0.366798504288418,0.263333531471912,0.475221195258286,2994.82958984375,1098.49901415339,0.641867840519147
"MG33313191","Imerimandroso","Ambatondrazaka","Alaotra Mangoro",0.374911654557902,0.280021567092108,0.475672916793924,2927.17456054688,1097.43185767443,0.642515082012887
"MG72710050","Ampohibe","Antalaha","Sava",0.27725639394005,0.175758871165235,0.38060167249424,3953.83984375,1096.22737729462,0.643161613130238
"MG33313130","Ambatosoratra","Ambatondrazaka","Alaotra Mangoro",0.395072666603579,0.298412473824293,0.490418638944064,2773.20874023438,1095.61897205275,0.643807785423381
"MG11104130","Fiadanana","Ankazobe","Analamanga",0.378196406846808,0.269331448643637,0.494647596184718,2896.52954101562,1095.45706473774,0.644453862227103
"MG54502010","Manja","Manja","Menabe",0.426846219076088,0.318746451077779,0.530670021513423,2560.39624023438,1092.89545448067,0.645098428248686
"MG22203290","Ilaka Centre","Ambositra","Amoron I Mania",0.529644825106935,0.435632971311865,0.628619654875032,2061.53149414062,1091.87948766655,0.645742395075091
"MG42409131","Tsinjomitondraka","Port-Berge (Boriziny-Vaovao)","Sofia",0.26299366487489,0.175463217318871,0.362596522323073,4132.70361328125,1086.87486909853,0.646383410286071
"MG24216191","Satrokala","Ihosy","Ihorombe",0.283325215412456,0.205013675561666,0.389040606566775,3829.73681640625,1085.06100848131,0.647023355721423
"MG32303153","Androndrono","Maroantsetra","Analanjirofo",0.281673478723334,0.177937457619171,0.4066000554069,3847.87890625,1083.84543722957,0.647662584239231
"MG42410410","Antanambaon'amberina","Mandritsara","Sofia",0.360811047238183,0.231919359979241,0.503832818164309,2986.66943359375,1077.62332608923,0.648298143090917
"MG72712230a","Ambodidivaina","Andapa","Sava",0.347977460421878,0.233840671473308,0.478861011367978,3095.39013671875,1077.12599879032,0.648933408629755
"MG12109150","Manohisoa","Betafo","Vakinankaratra",0.547577215180411,0.44516517233509,0.640130207523087,1961.533203125,1074.0908888511,0.649566884126617
"MG54510070","Masoarivo","Belo Sur Tsiribihina","Menabe",0.221324047435264,0.145196581115003,0.303610214605856,4849.0234375,1073.20549329596,0.650199837436395
"MG11103190","Ampangabe","Ambohidratrimo","Analamanga",0.490088124359449,0.401867636383696,0.578838002733399,2187.11450195312,1071.87884402156,0.650832008317221
"MG12109270","Ambohimasina","Betafo","Vakinankaratra",0.450415375861712,0.342183878837663,0.561577101724575,2379.50732421875,1071.76668580368,0.651464113049565
"MG13112071","Manazary","Miarinarivo","Itasy",0.439405955460535,0.354266434763173,0.527112793579258,2423.29077148438,1064.80839680279,0.652092113934061
"MG52518210","Tanandava","Bekily","Androy",0.401383718504648,0.311340610344111,0.497795923934555,2651.82543945312,1064.39955571292,0.652719873692955
"MG52513092","Behabobo","Beloha","Androy",0.384075470041064,0.289033353139677,0.483347283268065,2768.29614257812,1063.23464217356,0.653346946411123
"MG12118310","Ambatomena","Antsirabe II","Vakinankaratra",0.570347445535095,0.481250878347102,0.656561274176664,1847.94482421875,1053.97060998296,0.653968555404149
"MG21225050","Andoharanomaitso","Isandra","Haute Matsiatra",0.439865198934604,0.360206075561487,0.530404277734576,2387.3662109375,1050.11931330377,0.654587892985973
"MG12116070","Ramainandro","Faratsiho","Vakinankaratra",0.564240345194349,0.471424991306263,0.656827013973589,1860.96838378906,1050.03344326491,0.655207179923511
"MG25222051a","Inosy","Befotaka","Atsimo Atsinanana",0.486688549813358,0.352516965167731,0.60892646206777,2157.21020507812,1049.88950635205,0.655826381970181
"MG41415050","Mariarano","Mahajanga II","Boeny",0.296408212196161,0.194469521504893,0.404798334525489,3538.72705078125,1048.90775857226,0.656445005003317
"MG51504050a","Tanandava station","Morombe","Atsimo Andrefana",0.281681255134513,0.179029022353991,0.395188621993053,3722.39892578125,1048.53000152543,0.657063405243544
"MG33314230","Lakato","Moramanga","Alaotra Mangoro",0.407084499484245,0.291887365411058,0.526534487560778,2573.4599609375,1047.61566014099,0.657681266225065
"MG43408170","Ambakireny","Tsaratanana","Betsiboka",0.386487905389397,0.287656113176238,0.491163147747478,2708.06005859375,1046.63245971458,0.658298547336311
"MG52516012","Tsimananada","Ambovombe-Androy","Androy",0.508499672314484,0.414533217967568,0.610564250901853,2054.11889648438,1044.51878575729,0.658914581848528
"MG31310211","Andondabe","Toamasina II","Atsinanana",0.367870837587613,0.273296323400921,0.475914421649394,2832.01220703125,1041.81470265893,0.659529021551216
"MG42410350","Ampatakamaroreny","Mandritsara","Sofia",0.412041153046584,0.281305248718706,0.547910806922327,2526.49829101562,1041.0212690003,0.66014299330395
"MG32305030","Ambodimanga II","Fenerive Est","Analanjirofo",0.426642335722018,0.331630058308468,0.527293922702536,2438.646484375,1040.42983209404,0.660756616240032
"MG12118290","Soanindrariny","Antsirabe II","Vakinankaratra",0.583896176505118,0.484965465414953,0.677444163891756,1780.82263183594,1039.81552576279,0.661369876871572
"MG23207192","Ambodiara","Nosy-Varika","Vatovavy",0.46944006689001,0.366106421884696,0.584648138963023,2212.31323242188,1038.54847180978,0.661982390222187
"MG51506050","Masiaboay","Betioky Atsimo","Atsimo Andrefana",0.334454712199818,0.238539829365494,0.44915644748424,3102.5625,1037.66664801945,0.662594383492267
"MG23212230","Ilakatra","Vohipeno","Fitovinany",0.437468494240989,0.339333825029879,0.538599928830721,2362.89721679688,1033.69308747835,0.663204033242572
"MG23207171","Ampasinambo","Nosy-Varika","Vatovavy",0.444498680814283,0.330576306210808,0.558313321833838,2322.22045898438,1032.22393057849,0.663812816516021
"MG31308110","Ambinanidilana","Mahanoro","Atsinanana",0.39817529976838,0.295866283647897,0.519706130214577,2591.46850585938,1031.85874916087,0.664421384413395
"MG53515113","Ankariera","Taolagnaro","Anosy",0.524495655063128,0.427708331315417,0.619103318551635,1964.72253417969,1030.48843258186,0.665029144127788
"MG13105170","Ambatomirahavavy","Arivonimamo","Itasy",0.53351777291856,0.454495273897676,0.611457074032331,1920.99340820312,1024.88412493577,0.665633598543153
"MG25213552","Ambalavato Antevato","Farafangana","Atsimo Atsinanana",0.489655662113616,0.397052184913826,0.582908921116838,2091.86889648438,1024.29544956294,0.666237705770559
"MG44421070","Betanatanana","Maintirano","Melaky",0.271281680088914,0.188078280131676,0.374756839642574,3770.5166015625,1022.87207847502,0.666840973524586
"MG24216152","Antsoha","Ihosy","Ihorombe",0.298969074572798,0.211615560628819,0.407554743824723,3408.42431640625,1019.0134636274,0.667441965551314
"MG31310170","Ampasimbe Onibe","Toamasina II","Atsinanana",0.38488390793516,0.295443112308261,0.476478813450731,2645.58740234375,1018.24401819809,0.668042503775826
"MG23210351","Vohimasina Nord","Manakara Atsimo","Fitovinany",0.391555647428855,0.274302199307508,0.511387781478693,2600.24877929688,1018.14209425368,0.668642981887807
"MG42412190","Ankarongana","Befandriana Nord","Sofia",0.278626106046086,0.183720802261382,0.400851134265674,3645.66040039062,1015.77616132725,0.669242064623893
"MG25217130","Ivato","Vondrozo","Atsimo Atsinanana",0.384263441458963,0.293160840004657,0.4745569667886,2634.63330078125,1012.39325914059,0.669839152197683
"MG53517350","Ambatomivary","Betroka","Anosy",0.392248588393926,0.296834780972126,0.50818105064063,2578.09204101562,1011.252963838,0.67043556725005
"MG31310092","Amboditandroroho","Toamasina II","Atsinanana",0.490092506265383,0.274838530765976,0.701319943198788,2059.73217773438,1009.45930522129,0.671030924441489
"MG23207151","Ambodilafa","Nosy-Varika","Vatovavy",0.461643453646197,0.371300949440174,0.559758986002723,2178.24633789062,1005.57316231601,0.671623989670178
"MG44420010","Antsalova","Antsalova","Melaky",0.236839684385114,0.155900748796837,0.335391978114037,4236.62841796875,1003.40173736872,0.672215774239557
"MG21220330","Androy","Lalangina","Haute Matsiatra",0.508210380234363,0.406255730882335,0.610781752206316,1974.25866699219,1003.33874783309,0.672807521659074
"MG41406130","Bemaharivo","Marovoay","Boeny",0.329536610870385,0.23902842678677,0.439803419029033,3044.46020507812,1003.2610979112,0.673399223282352
"MG51507210","Gogogogo","Ampanihy Ouest","Atsimo Andrefana",0.295957711852465,0.222123174782281,0.381352440999753,3382.7470703125,1001.15008270532,0.673989679874675
"MG51507250","Vohitany","Ampanihy Ouest","Atsimo Andrefana",0.307936997329332,0.223139446844937,0.402811247951251,3247.58740234375,1000.0523132423,0.674579489026391
"MG42412110","Tsarahonenana","Befandriana Nord","Sofia",0.209161364219617,0.130533598254893,0.306145994576585,4772.5830078125,998.239972765426,0.675168229299024
"MG13113050","Mananasy","Soavinandriana","Itasy",0.415155774304517,0.335330235889634,0.49586813995387,2404.025390625,998.045022492641,0.675756854594217
"MG31308170","Ambinanindrano","Mahanoro","Atsinanana",0.399119213713101,0.303985300443517,0.508308904520763,2499.15502929688,997.46079024011,0.676345135321907
"MG13113190","Ankisabe","Soavinandriana","Itasy",0.381457756372074,0.292973439306507,0.475479847898765,2606.1708984375,994.144103640162,0.676931459939817
"MG21220350","Alatsinainy Ialamarina","Lalangina","Haute Matsiatra",0.479288677700002,0.386500353552764,0.577660821546713,2072.06762695312,993.118553027345,0.677517179710231
"MG43408150","Andriamena","Tsaratanana","Betsiboka",0.334765756062462,0.240630837149576,0.430963204920573,2964.51342773438,992.417578992819,0.678102486061372
"MG23210291","Bekatra","Manakara Atsimo","Fitovinany",0.406863199396638,0.300755587429321,0.510520621157197,2437.66088867188,991.794508209091,0.678687424938886
"MG13105050","Ambohitrambo","Arivonimamo","Itasy",0.541134935240325,0.466514669090297,0.624291504117064,1832.35803222656,991.552945106011,0.679272221347725
"MG53515112","Ambatoabo","Taolagnaro","Anosy",0.486909018613434,0.381397164723345,0.597476702763762,2034.39196777344,990.563796503618,0.679856434378183
"MG42423072","Malakialina","Mampikony","Sofia",0.32931819442201,0.220240079639975,0.448403589324769,3006.11010742188,989.966752809926,0.680440295285228
"MG13105214","Mahatsinjo Est","Arivonimamo","Itasy",0.639072444242161,0.534901833921583,0.736504440130843,1545.2236328125,987.509843922236,0.68102270716073
"MG53519170","Esira","Amboasary-Atsimo","Anosy",0.480466995361251,0.36915411169046,0.605323334538529,2041.63256835938,980.937065751302,0.681601242554305
"MG52513010a","Mahaenegne","Beloha","Androy",0.32785236146089,0.239088923387451,0.415310947397191,2987.439453125,979.439079428462,0.682178894468056
"MG33312051","Ambohitrarivo","Amparafaravola","Alaotra Mangoro",0.411828291901542,0.314835550359003,0.514050398159021,2370.24951171875,976.135807791597,0.682754598183882
"MG72716210","Andrafainkona","Vohemar","Sava",0.3442315416679,0.22817189143248,0.459372562427195,2834.7568359375,975.812715888384,0.683330111347114
"MG11117050","Ambohidrapeto","Antananarivo Atsimondrano","Analamanga",0.418093736369172,0.353376948380426,0.483437816062524,2330.51538085938,974.37388324932,0.683904775918081
"MG21208071","Manandroy","Ambohimahasoa","Haute Matsiatra",0.508959490962519,0.406091251220292,0.615424345204713,1909.23583984375,971.723701174273,0.684477877469173
"MG21208190","Ambatosoa","Ambohimahasoa","Haute Matsiatra",0.529616585882752,0.42962114036277,0.62747924767175,1829.2607421875,968.806828966693,0.685049258712337
"MG23212212","Antananabo","Vohipeno","Fitovinany",0.458107340624838,0.347574879335953,0.560105791952709,2112.080078125,967.559387776545,0.685619904241759
"MG23209251","Mahela","Mananjary","Vatovavy",0.409850582351679,0.282050031143353,0.531446836969073,2351.7333984375,963.859302885504,0.686188367541409
"MG14119051","Kiranomena","Fenoarivobe","Bongolava",0.3300676267263,0.245714876968613,0.41054929153439,2915.42407226562,962.287104433441,0.686755903592531
"MG52516152","Ampamata","Antanimora Sud","Androy",0.450866834331386,0.351704623895593,0.562198005834452,2133.38940429688,961.874527111453,0.687323196314503
"MG11117470","Ambatofahavalo","Antananarivo Atsimondrano","Analamanga",0.548225502729383,0.461890343870815,0.634664294533414,1754.44226074219,961.829990405061,0.687890462769691
"MG13105090","Amboanana","Arivonimamo","Itasy",0.606935354008631,0.520269286372339,0.694443752598229,1583.69323730469,961.199415624596,0.688457357325558
"MG11117410","Androhibe","Antananarivo Atsimondrano","Analamanga",0.529302642276445,0.4335399593519,0.619058050810822,1813.52221679688,959.902101177622,0.689023486753519
"MG53517150","Benato Toby","Betroka","Anosy",0.363085748177218,0.256660413042099,0.478756949442373,2637.94921875,957.801765743351,0.68958837744922
"MG31308070","Manjakandriana","Mahanoro","Atsinanana",0.366556842167512,0.258676496723872,0.491569182391513,2607.36987304688,955.749267026769,0.690152057625721
"MG31301001a","Toamasina","Toamasina I","Atsinanana",0.261961329421574,0.162818611976653,0.377682198356129,3648.40356445312,955.740648010551,0.690715732718913
"MG51520111","Ambohimahavelona","Toliary-II","Atsimo Andrefana",0.282968177003131,0.190796783873979,0.392389879873746,3369.60791015625,953.491807552243,0.691278081494806
"MG12109211","Mahaiza","Betafo","Vakinankaratra",0.479011150754883,0.377905311166739,0.579762080685374,1987.94702148438,952.248790400973,0.691839697166158
"MG25222051","Ranotsara Sud","Befotaka","Atsimo Atsinanana",0.479620805508699,0.352978912257443,0.599169186593502,1980.87939453125,950.070970820662,0.692400028406784
"MG51504150","Basibasy","Morombe","Atsimo Andrefana",0.30171618148121,0.210791423321664,0.41353897741609,3148.29833984375,949.892553261289,0.692960254420606
"MG51504050","Ambahikily","Morombe","Atsimo Andrefana",0.280602629899055,0.17444695442559,0.401809081700519,3382.1767578125,949.047693025645,0.693519982154195
"MG13112190","Soavimbazaha","Miarinarivo","Itasy",0.522989709069331,0.441614289239076,0.596032134082493,1814.19067382812,948.803052701664,0.69407956560423
"MG53515111","Ranopiso","Taolagnaro","Anosy",0.511180064588146,0.409541382675705,0.609344948928512,1854.15783691406,947.808522830348,0.694638562502129
"MG44402110","Mahabe","Besalampy","Melaky",0.273104434657041,0.183019023918959,0.382647570356484,3469.896484375,947.644117683689,0.695197462437442
"MG23210451","Mahabako","Manakara Atsimo","Fitovinany",0.443226111337681,0.34243361991927,0.55155939273132,2136.41528320312,946.915038176512,0.695755932377482
"MG12110130","Belambo Firaisana","Ambatolampy","Vakinankaratra",0.588903517994394,0.492191296564159,0.679819902854154,1605.70288085938,945.60407539182,0.696313629140123
"MG32318011","Soanierana Ivongo","Soanierana Ivongo","Analanjirofo",0.39808629851442,0.297019812510476,0.503483787530726,2370.59448242188,943.701182786032,0.696870203618
"MG42414031","Beandrarezona","Bealanana","Sofia",0.320453415851681,0.221978504702238,0.451844591390847,2943.19653320312,943.157382587766,0.697426457374321
"MG13105291","Ambohipandrano","Arivonimamo","Itasy",0.583123584581249,0.489173623488317,0.671741755957809,1606.11145019531,936.561466074879,0.697978821002225
"MG72716110","Daraina","Vohemar","Sava",0.300133666896738,0.191659799204498,0.424223329959225,3117.94873046875,935.801385671615,0.698530736351201
"MG52518270","Bevitiky","Bekily","Androy",0.401784588783083,0.306615592337897,0.50014972498334,2328.9013671875,935.716678131789,0.699082601741509
"MG13112010","Miarinarivo I","Miarinarivo","Itasy",0.539778740347257,0.455045348686599,0.63082486693746,1732.39831542969,935.111780482348,0.69963411037631
"MG72712030","Tanandava","Andapa","Sava",0.312177264719285,0.21424547557444,0.43612127761352,2992.26782226562,934.117984062415,0.70018503289155
"MG12110330","Andranovelona","Ambatolampy","Vakinankaratra",0.598566973135618,0.502572044321573,0.697123133299162,1556.86535644531,931.888183987175,0.700734640319095
"MG32304110","Antanambe","Mananara-Avaratra","Analanjirofo",0.347224062635215,0.2398939075219,0.453909077579615,2681.228515625,930.987058048701,0.701283716282117
"MG21208270","Befeta","Ambohimahasoa","Haute Matsiatra",0.453709583845485,0.371613731310332,0.54777446505579,2050.44165039062,930.305027898181,0.701832389998558
"MG12109230","Alakamisy Marososona","Betafo","Vakinankaratra",0.515065166837754,0.4136338392883,0.620161128888632,1803.88513183594,929.118396385222,0.702380363865485
"MG21224150","Maneva","Vohibato","Haute Matsiatra",0.452511242937371,0.359367708518835,0.555962275823479,2047.58508300781,926.555270931886,0.702926826056642
"MG51505030","Tandrano","Ankazoabo","Atsimo Andrefana",0.352909368592276,0.236621063959845,0.468943893262173,2619.35571289062,924.395170754803,0.703472014267592
"MG13112072","Antoby Est","Miarinarivo","Itasy",0.474703887320046,0.38988183658194,0.558586703576463,1943.14953613281,922.420638446391,0.704016037942238
"MG54509070","Ampanihy","Mahabo","Menabe",0.34668021814904,0.248481904382302,0.44735711915676,2657.296875,921.232260311762,0.704559360737249
"MG25213230","Tangainony","Farafangana","Atsimo Atsinanana",0.465487089545458,0.372854299290648,0.556149557049562,1975.00341796875,919.338592872604,0.705101566688299
"MG53515251","Manantenina","Taolagnaro","Anosy",0.535417565160092,0.400751896340261,0.666765229872625,1714.97680664062,918.228706117553,0.705643118052228
"MG22223010","Ambovombe Centre","Manandriana","Amoron I Mania",0.484703467412621,0.385353604755993,0.577081300160997,1892.88757324219,917.489170172751,0.706184233253906
"MG72710130a","Manakambahiny Ankavia","Antalaha","Sava",0.277627823552613,0.182424352432874,0.386309603296065,3297.89428710938,915.587213236772,0.706724226722658
"MG71719270","Marotolana","Ambanja","Diana",0.279316127293123,0.175529388386067,0.414557134252764,3270.1787109375,913.41365309548,0.707262938272809
"MG12114230","Ambodiriana","Antanifotsy","Vakinankaratra",0.585492202323173,0.489071043259107,0.686051022467239,1559.61743164062,913.14384483288,0.707801490695901
"MG71719110","Antsakoamanondro","Ambanja","Diana",0.270343070682103,0.182925207605145,0.377053854485652,3375.77587890625,912.617617038089,0.70833973276126
"MG25214010","Vangaindrano","Vangaindrano","Atsimo Atsinanana",0.474157025460457,0.362785354218147,0.593085122551283,1923.81921386719,912.192395970941,0.708877724040461
"MG42412070","Tsiamalao","Befandriana Nord","Sofia",0.217629031853459,0.146077456465986,0.311362207484492,4185.1103515625,910.801514010438,0.709414895007667
"MG53519210","Manevy","Amboasary-Atsimo","Anosy",0.468309458783457,0.353519816570617,0.586055342027826,1942.13745117188,909.521338641384,0.709951310955221
"MG12109130","Soavina","Betafo","Vakinankaratra",0.460619126790223,0.358544542800334,0.554392853196453,1971.77758789062,908.238470758712,0.710486970295138
"MG21205130","Sendrisoa","Ambalavao","Haute Matsiatra",0.494355324316346,0.394476757431729,0.591158288272872,1835.99267578125,907.632754678275,0.711022272396856
"MG23210231","Ambahive","Manakara Atsimo","Fitovinany",0.400296303209721,0.303320557808865,0.502833328708316,2263.03100585938,905.882945694484,0.711556542499209
"MG25214111","Vohitrambo","Vangaindrano","Atsimo Atsinanana",0.512322255789448,0.419801970184316,0.611891358489231,1767.98645019531,905.778806369242,0.712090751182448
"MG54511091","Ambatolahy","Miandrivazo","Menabe",0.267112467469822,0.164391841236076,0.382706074085751,3370.05297851562,900.183166595332,0.712621659678782
"MG72716010","Vohemar","Vohemar","Sava",0.287628785218706,0.165801996943695,0.440764844571893,3125.8994140625,899.098651182663,0.713151928551461
"MG32304093","Ambatoharanana","Mananara-Avaratra","Analanjirofo",0.365974226142869,0.255855202195524,0.478224014440088,2456.16162109375,898.8918485616,0.713682075456442
"MG21205130a","Namoly","Ambalavao","Haute Matsiatra",0.49613208844879,0.388676078724468,0.595764837067045,1807.09631347656,896.558468033236,0.714210846184226
"MG42409091a","Ambatomilahatrano","Port-Berge (Boriziny-Vaovao)","Sofia",0.288696968499341,0.198849687783183,0.393633871211444,3100.71704101562,895.167609915457,0.714738796614075
"MG24216192","Andiolava","Ihosy","Ihorombe",0.319438148002627,0.244523294806021,0.408114207622597,2802.31713867188,895.166996893366,0.715266746682377
"MG42410371","Ankiabe-Salohy","Mandritsara","Sofia",0.271011123926308,0.178205611184875,0.390731848895088,3300.27368164062,894.410879725839,0.715794250809183
"MG51512130","Andranolava","Sakaraha","Atsimo Andrefana",0.394380358450161,0.276070086869173,0.521569508257979,2255.52465820312,889.534623195326,0.716318879025709
"MG25214112","Anilobe","Vangaindrano","Atsimo Atsinanana",0.501503533508796,0.410666648826549,0.598523675875112,1772.16760253906,888.748314643152,0.716843043494515
"MG12120010a","Maromandray","Mandoto","Vakinankaratra",0.352361006674496,0.25510662387316,0.458316245225171,2517.37475585938,887.024703151573,0.717366191414668
"MG51506070","Antohabato","Betioky Atsimo","Atsimo Andrefana",0.337876939903033,0.238300164616187,0.451396293072849,2618.84033203125,884.845757481362,0.717888054239951
"MG31310050","Fanandrana","Toamasina II","Atsinanana",0.444876259702827,0.324735146796035,0.568619938372773,1985.99377441406,883.521482154428,0.718409136036386
"MG12120050","Antanambao Ambary","Mandoto","Vakinankaratra",0.367070670400224,0.258060673403763,0.482641945442767,2394.8896484375,879.09374878651,0.718927606451768
"MG71718004","Bemanondrobe","Nosy-Be","Diana",0.309002245874338,0.208718439677449,0.434599594699001,2835.67749023438,876.230713057728,0.719444388310809
"MG11107070","Mangamila","Anjozorobe","Analamanga",0.512443935262183,0.413869271349735,0.610504949817818,1705.00549316406,873.719724560632,0.719959689243328
"MG25215012","Ankazovelo","Midongy-Atsimo","Atsimo Atsinanana",0.545262196598688,0.419882664815507,0.658653782374861,1602.10754394531,873.56867859895,0.720474901092216
"MG11104010","Ankazobe","Ankazobe","Analamanga",0.497458840278564,0.38436480852072,0.60635242010196,1754.82165527344,872.951545528035,0.720989748969411
"MG52513091a","Ambatotsivala","Beloha","Androy",0.38216977804094,0.284447589303411,0.478762089510942,2280.4033203125,871.50123076765,0.721503741482435
"MG31306230","Maroseranana","Brickaville","Atsinanana",0.367842105818113,0.23719662563355,0.505361403244765,2368.51123046875,871.238158669475,0.722017578841244
"MG12114110","Ambohimandroso","Antanifotsy","Vakinankaratra",0.567623562487278,0.470662337758218,0.666423545984111,1534.36254882812,870.940336112881,0.722531240550773
"MG51506330","Lazarivo","Betioky Atsimo","Atsimo Andrefana",0.342936390457932,0.253785298793546,0.433237632959312,2538.6689453125,870.601964673114,0.72304470269617
"MG22204170","Mahazoarivo","Fandriana","Amoron I Mania",0.576845445040385,0.485170061609775,0.661959877001549,1509.13732910156,870.538994232649,0.723558127702967
"MG43408110","Sarobaratra","Tsaratanana","Betsiboka",0.338738799237474,0.248721478805421,0.439641150442333,2569.10668945312,870.256115098313,0.72407138587379
"MG23212211","Ifatsy","Vohipeno","Fitovinany",0.445059399556027,0.335784911949548,0.546210680364674,1946.38159179688,866.255422552021,0.72458228452297
"MG54502090","Ankiliabo","Manja","Menabe",0.334096073702191,0.224982943527549,0.454685042719767,2578.34521484375,861.415012928129,0.725090328403598
"MG44420090","Bekopaka","Antsalova","Melaky",0.228465023899024,0.156469140593607,0.31746214605834,3766.5126953125,860.516412950547,0.725597842309461
"MG23207052","Ambodirian'i Sahafary","Nosy-Varika","Vatovavy",0.400807683988715,0.296467902139392,0.51877352588553,2142.38525390625,858.684471829739,0.726104275776206
"MG51506150","Bezaha","Betioky Atsimo","Atsimo Andrefana",0.351008217639666,0.250352836901842,0.471013107116299,2444.75952148438,858.130682193833,0.726610382629841
"MG44421110","Ankisatra","Maintirano","Melaky",0.245834891256237,0.15542093941752,0.360038740509179,3489.79931640625,857.914435454822,0.727116361945844
"MG43404010","Maevatanana I","Maevatanana","Betsiboka",0.262360536318201,0.173871458494177,0.359346762713907,3269.51806640625,857.79251340439,0.727622269354866
"MG43404171","Andriba","Maevatanana","Betsiboka",0.307379712640594,0.220774960478994,0.404497054980446,2788.41821289062,857.10318900012,0.728127770215315
"MG14111230a","Antsahalava","Tsiroanomandidy","Bongolava",0.360792546558286,0.261793241239118,0.476689764039545,2375.23486328125,856.967034997264,0.728633190775087
"MG11104230","Miantso","Ankazobe","Analamanga",0.517256319081999,0.423826183612109,0.610075573301232,1650.24157714844,853.597883791873,0.729136624282594
"MG31308130","Ambodibonara","Mahanoro","Atsinanana",0.375485574653452,0.274048284118325,0.483883090965591,2265.13208007812,850.524420754104,0.7296382451283
"MG52514032","Anjampaly","Tsihombe","Androy",0.43874940794475,0.319364799887264,0.560179073627889,1935.13757324219,849.040464551649,0.730138990768842
"MG42423051","Ambohitoaka","Mampikony","Sofia",0.293413757601676,0.202330726019513,0.413099500158551,2891.5703125,848.426510760079,0.730639374312761
"MG53515210","Bevoay","Taolagnaro","Anosy",0.530930725795224,0.395466855615276,0.652405397893587,1596.23315429688,847.48922714924,0.731139205067147
"MG32315170","Ambodimangavalo","Vavatenina","Analanjirofo",0.409487579034645,0.298771730255992,0.525150551804743,2064.38208007812,845.338820173697,0.731637767558166
"MG11104050","Ambohitromby","Ankazobe","Analamanga",0.517021406019728,0.400740641040402,0.621824150852671,1635.00549316406,845.332838925663,0.732136326521575
"MG51520010","Mitsinjo Betanimena","Toliary-II","Atsimo Andrefana",0.309792990621296,0.191786064110065,0.451183665372861,2725.29760742188,844.278096136285,0.732634263420576
"MG21220112","Sahambavy","Lalangina","Haute Matsiatra",0.464442607656223,0.368649869127704,0.563415644692285,1812.98706054688,842.028438047381,0.733130873520057
"MG11115010","Andramasina","Andramasina","Analamanga",0.579303446522821,0.485751120065523,0.671328011195489,1453.48217773438,842.007235021019,0.733627471114453
"MG32303010","Maroantsetra","Maroantsetra","Analanjirofo",0.27681638183412,0.181882324822044,0.409073023026725,3036.02026367188,840.420144564718,0.734123132677341
"MG12114199","Antsahalava","Antanifotsy","Vakinankaratra",0.56798548980444,0.471105767398709,0.669245248841887,1475.88562011719,838.28161683759,0.734617532982984
"MG25215032","Bevaho","Midongy-Atsimo","Atsimo Atsinanana",0.519198082166099,0.394383581007005,0.630612532435429,1613.921875,837.945142265914,0.735111734843227
"MG33313194","Andromba","Ambatondrazaka","Alaotra Mangoro",0.416282960659611,0.319238170976634,0.530849254529114,2012.6259765625,837.821900223879,0.735605864017988
"MG72710070","Antombana","Antalaha","Sava",0.273759305604175,0.174828845951301,0.381654495488018,3057.42333984375,836.998090453623,0.736099507327625
"MG23207032","Andara","Nosy-Varika","Vatovavy",0.426423311445315,0.312172977156746,0.541051369320858,1961.84033203125,836.574450911742,0.736592900783853
"MG21208090","Ankafina Tsarafidy","Ambohimahasoa","Haute Matsiatra",0.503104631795529,0.396595525849073,0.611123948353993,1662.57775878906,836.450571167007,0.737086221178496
"MG31309191","Ambodinonoka","Marolambo","Atsinanana",0.481722426901838,0.38076439435837,0.586976431591178,1734.12963867188,835.369138103424,0.737578903767387
"MG31308011","Mahanoro","Mahanoro","Atsinanana",0.313670387255686,0.216342740747125,0.439000636059135,2661.82421875,834.935433501877,0.738071330566716
"MG54508179","Belo Sur Mer","Morondava","Menabe",0.389540357302235,0.293716443188222,0.501790428729113,2141.904296875,834.358165111879,0.738563416905676
"MG41415031","Ambalakida","Mahajanga II","Boeny",0.351292652723993,0.239825140729699,0.4761829035725,2370.9560546875,832.899441943185,0.739054642921368
"MG72716231","Ampanefena","Vohemar","Sava",0.336691003174723,0.227875635214462,0.469909389973844,2472.34521484375,832.416390579969,0.739545584043849
"MG42414010","Bealanana","Bealanana","Sofia",0.316572152426544,0.216255210089844,0.434507405413115,2629.158203125,832.318271433187,0.740036467297786
"MG14111290","Bemahatazana","Tsiroanomandidy","Bongolava",0.359490370634179,0.276666343688452,0.454817434333725,2312.41333007812,831.290325089202,0.740526744291278
"MG25222032","Antaninarenina","Befotaka","Atsimo Atsinanana",0.588639888671874,0.456751331055234,0.735247972494001,1402.44091796875,825.532665822006,0.741013625542283
"MG44402071","Bekodoka","Besalampy","Melaky",0.287246420731985,0.190673241619432,0.396138018510801,2873.08203125,825.282529945944,0.741500359268577
"MG54510132","Antsoha","Belo Sur Tsiribihina","Menabe",0.264611408373909,0.171306337659439,0.362187577700637,3115.86108398438,824.49238973056,0.74198662698732
"MG21224050a","Anjanomanona Tsimanavaka","Vohibato","Haute Matsiatra",0.485585301175832,0.384828618449936,0.587239146196329,1692.86010742188,822.027985111003,0.742471441253699
"MG23210153","Ambahatrazo","Manakara Atsimo","Fitovinany",0.435271800507201,0.333846349327445,0.535167398513345,1886.03259277344,820.936802471759,0.742955611964238
"MG72711230","Anjangoveratra","Sambava","Sava",0.34719520153567,0.24438274279623,0.4555656380937,2360.12573242188,819.424329317734,0.743438890650933
"MG21208170","Vohiposa","Ambohimahasoa","Haute Matsiatra",0.500564246750065,0.396521306025019,0.599261365680833,1632.71020507812,817.276353966075,0.74392090250838
"MG25214332","Sandravinany","Vangaindrano","Atsimo Atsinanana",0.517611526287422,0.401128214565172,0.663355814536818,1578.53942871094,817.070202999944,0.744402792782462
"MG25213330","Ambohimandroso","Farafangana","Atsimo Atsinanana",0.453966978106278,0.363479213749043,0.544152780569904,1799.5947265625,816.956579833571,0.744884616044065
"MG12114079","Ambatomiady","Antanifotsy","Vakinankaratra",0.600318302957543,0.510227116827249,0.683226624554338,1357.69201660156,815.047367345255,0.745365313293576
"MG23209070a","Tsarahafatra","Mananjary","Vatovavy",0.413900810104905,0.292446042826014,0.548914936634478,1968.72497558594,814.85686226878,0.745845898187327
"MG41403030","Ambohipaky","Soalala","Boeny",0.244419225195519,0.153610656792574,0.369458400203035,3333.43383789062,814.755315897753,0.746326423191232
"MG42409190","Port Berge II","Port-Berge (Boriziny-Vaovao)","Sofia",0.284965244552614,0.192384013731526,0.393242025278026,2849.51806640625,812.013612650547,0.746805331198061
"MG51512112","Mihavatsy","Sakaraha","Atsimo Andrefana",0.359049344436481,0.239763261128473,0.471756236690023,2259.26879882812,811.188981125034,0.747283752855111
"MG25213490","Sahamadio","Farafangana","Atsimo Atsinanana",0.435367089905625,0.339911223893164,0.526479755599567,1861.74145507812,810.540959454027,0.747761792323044
"MG51504090","Ankatsakantsa atsimo_Nosy Ambositra","Morombe","Atsimo Andrefana",0.331992705611959,0.228959905139985,0.453341635043607,2440.15625,810.114075553432,0.748239580024115
"MG51505071","Berenty","Ankazoabo","Atsimo Andrefana",0.323010109734033,0.21625418744661,0.446363742873648,2504.51049804688,808.982210804159,0.748716700175921
"MG42411050","Befotaka Nord","Analalava","Sofia",0.244508043338549,0.140772949302372,0.366332712853584,3300.94873046875,807.108515247782,0.74919271526275
"MG21220250a","Sahafata","Lalangina","Haute Matsiatra",0.513493248373034,0.422263521381668,0.612083980514078,1570.79907226562,806.594718159024,0.749668427323205
"MG54502070","Soaserana","Manja","Menabe",0.411508680871345,0.295010870687924,0.530779067278619,1956.19262695312,804.990247447731,0.750143193101655
"MG13113170","Mahavelona","Soavinandriana","Itasy",0.371592579276451,0.289098787011768,0.461922503070339,2165.6435546875,804.737074279749,0.750617809564065
"MG72712150","Bealampona","Andapa","Sava",0.311607648073224,0.216343005984265,0.432731411382901,2581.6484375,804.461397761289,0.751092263438446
"MG72711270","Marogaona","Sambava","Sava",0.362543474440172,0.262087409456855,0.479628053955058,2218.71801757812,804.381738895785,0.751566670331758
"MG54510090","Aboalimena","Belo Sur Tsiribihina","Menabe",0.228802640402996,0.152453399584907,0.318530678394173,3512.92333984375,803.76613568956,0.752040714155658
"MG42410290","Andohajango","Mandritsara","Sofia",0.263957747924133,0.170103953418763,0.371625726735572,3044.52709960938,803.626516706882,0.752514675635311
"MG23206012","Antaretra","Ifanadiana","Vatovavy",0.427041176899915,0.318599851086425,0.530126764573327,1881.54309082031,803.496375891809,0.752988560360737
"MG31310070","Ambodiriana","Toamasina II","Atsinanana",0.406000546005509,0.303602033572146,0.526602850208052,1976.0615234375,802.282057456103,0.753461728907501
"MG52516130a","Andoharano","Antanimora Sud","Androy",0.468695349941383,0.371531751558853,0.574966523040171,1710.85949707031,801.871890679909,0.753934655546802
"MG23210312","Ambotaka","Manakara Atsimo","Fitovinany",0.408932746720969,0.294546529169287,0.519420974651756,1957.60522460938,800.528881494831,0.754406790108431
"MG32303032","Manambolo","Maroantsetra","Analanjirofo",0.325374157601111,0.21357455078389,0.451639231123515,2459.06665039062,800.116739855836,0.754878681597866
"MG25213430","Efatsy","Farafangana","Atsimo Atsinanana",0.494996177976098,0.404041704302771,0.589721678338454,1615.77014160156,799.800044580671,0.755350386307299
"MG71718003","Ambatozavavy","Nosy-Be","Diana",0.283761198266128,0.194657518304885,0.401170875998576,2818.16235351562,799.685126342086,0.75582202324045
"MG12110291","Antanamalaza","Ambatolampy","Vakinankaratra",0.584698964329088,0.492835482882411,0.67990097472522,1366.31555175781,798.88328805952,0.756293187266783
"MG12110050","Ambohipihaonana","Ambatolampy","Vakinankaratra",0.574461072903611,0.479379228209459,0.674712070140915,1387.70910644531,797.184862166686,0.756763349598382
"MG25214033","Bekaraoky","Vangaindrano","Atsimo Atsinanana",0.509110215883806,0.399169961552818,0.612364414346807,1562.99340820312,795.735911475259,0.757232657370309
"MG11103112","Ivato Aeroport","Ambohidratrimo","Analamanga",0.481169128622428,0.383830725210708,0.570620116644987,1650.5693359375,794.203009103947,0.757701061069682
"MG23211051","Manampatrana","Ikongo","Fitovinany",0.464810744400316,0.340117148238954,0.595644352689044,1703.89624023438,791.989279804239,0.758168159159556
"MG31309192","Sahakevo","Marolambo","Atsinanana",0.458380828746172,0.355792502503302,0.571055735658269,1727.537109375,791.869891885078,0.758635186837027
"MG21208110","Sahave","Ambohimahasoa","Haute Matsiatra",0.485515820890936,0.39097062937491,0.588795482164381,1630.53820800781,791.652096554949,0.759102086063538
"MG41405019a","Ambesisika","Ambato Boeni","Boeny",0.309749021214825,0.223880676011183,0.402324358103083,2555.12280273438,791.446787230652,0.759568864203065
"MG51512111","Andamasiny Vineta","Sakaraha","Atsimo Andrefana",0.354886198921476,0.24289258070042,0.478923207473391,2225.87475585938,789.932231382203,0.760034749090421
"MG23207051","Fiadanana","Nosy-Varika","Vatovavy",0.396283939859012,0.297097883631524,0.502592555741023,1991.89770507812,789.357070364485,0.76050029476029
"MG54511130","Ankavandra","Miandrivazo","Menabe",0.262552152857156,0.174915990327316,0.367769587083387,2995.44482421875,786.460487363459,0.760964132088366
"MG72710050a","Mahasoa Antindra","Antalaha","Sava",0.298269555872391,0.200801553251164,0.412365029480963,2636.64331054688,786.430429230728,0.761427951688807
"MG23206150","Analampasina","Ifanadiana","Vatovavy",0.507390951979068,0.392993389133506,0.616337651328272,1547.83557128906,785.357764023422,0.761891138654587
"MG42410250","Marotandrano","Mandritsara","Sofia",0.356952559718279,0.244989696427008,0.485836680180286,2196.9462890625,784.205601444434,0.762353646099882
"MG22203310","Ihadilanana","Ambositra","Amoron I Mania",0.482058656315606,0.389782044096498,0.568656681855434,1621.30603027344,781.564606430003,0.762814595943631
"MG72716090","Bobakindro","Vohemar","Sava",0.313298844674303,0.203035584436789,0.415143649514588,2491.00219726562,780.42811048447,0.763274875506735
"MG23207010","Nosy Varika","Nosy-Varika","Vatovavy",0.389504435105948,0.265763039813434,0.517862637539128,1999.64562988281,778.870841479583,0.763734236626375
"MG42409092","Amparihy","Port-Berge (Boriziny-Vaovao)","Sofia",0.283210660194081,0.194986685219721,0.392838647265412,2749.33618164062,778.641315097915,0.764193462376336
"MG31309090","Ambohimilanja","Marolambo","Atsinanana",0.505238152961292,0.386622794172565,0.624032060611715,1540.47033691406,778.30438771412,0.764652489413838
"MG32305150","Ampasimbe Manantsatrana","Fenerive Est","Analanjirofo",0.409265404900744,0.305135099570628,0.498252508691574,1900.90100097656,777.973017840903,0.76511132101658
"MG44421010","Maintirano","Maintirano","Melaky",0.315084636083047,0.215425572757365,0.427883350710895,2468.43969726562,777.767423705886,0.765570031364363
"MG21224170","Vohitrafeno","Vohibato","Haute Matsiatra",0.478996246427278,0.385232994665547,0.57966613904847,1621.45825195312,776.672416424082,0.766028095900615
"MG53515191","Ranomafana","Taolagnaro","Anosy",0.509984792954184,0.381893798651343,0.622047489666128,1515.52087402344,772.892599156587,0.766483931182669
"MG51512171","Mikoboka","Sakaraha","Atsimo Andrefana",0.364283970949749,0.253839501942936,0.491145717315351,2118.06176757812,771.575951410204,0.766938989934456
"MG54510152","Ankiroroky","Belo Sur Tsiribihina","Menabe",0.236476245868694,0.150440983398653,0.331828613626475,3262.53588867188,771.51223896501,0.767394011110026
"MG72710271","Vinanivao","Antalaha","Sava",0.34269225643754,0.222649679904225,0.477950584580341,2250.90600585938,771.368058176759,0.767848947250895
"MG25217011","Vondrozo","Vondrozo","Atsimo Atsinanana",0.451038894550026,0.354231892110455,0.549129013146119,1707.21472167969,770.020240825937,0.768303088478341
"MG21205071","Ambohimandroso","Ambalavao","Haute Matsiatra",0.431008165054808,0.343427107703624,0.52567717263189,1783.43884277344,768.676703111249,0.7687564373164
"MG31310130","Sahambala","Toamasina II","Atsinanana",0.387559004328923,0.277107114652828,0.507319473186705,1982.60144042969,768.375040234018,0.76920960824024
"MG42409010","Port Berge","Port-Berge (Boriziny-Vaovao)","Sofia",0.25164962771155,0.157569497694613,0.358501961162554,3042.76904296875,765.711696875317,0.769661208381965
"MG23209130","Morafeno","Mananjary","Vatovavy",0.420098008723859,0.324461379742274,0.527653994350099,1813.11682128906,761.686766207267,0.77011043470693
"MG22204230","Imito","Fandriana","Amoron I Mania",0.556069466207063,0.468650800289141,0.639719798524849,1368.10241699219,760.759980733438,0.770559114433935
"MG25217191","Moroteza","Vondrozo","Atsimo Atsinanana",0.390676420663424,0.282662966067318,0.499533349027925,1943.68249511719,759.350920098537,0.771006963127555
"MG33317011","Anosibe An'ala","Anosibe-An'ala","Alaotra Mangoro",0.475885272347712,0.369739474863942,0.578208976968637,1589.22265625,756.287656590685,0.771453005174837
"MG11107290","Androvakely","Anjozorobe","Analamanga",0.454850780500693,0.336953662503128,0.564402096313851,1662.28198242188,756.090257116829,0.771898930800193
"MG11106150","Miadanandriana","Manjakandriana","Analamanga",0.509309235094364,0.414978341985591,0.603526014676669,1483.40942382812,755.514118981674,0.772344516631779
"MG42411170","Ankaramy","Analalava","Sofia",0.266394677596831,0.175111573719885,0.379678454370302,2831.9658203125,754.420621667394,0.77278945754238
"MG51520112","Andranohinaly","Toliary-II","Atsimo Andrefana",0.296212353899155,0.197787521355487,0.410445375558193,2545.73608398438,754.078477843028,0.773234196663979
"MG21205030","Manamisoa","Ambalavao","Haute Matsiatra",0.46420557308397,0.370284797419896,0.565813937006916,1623.13623046875,753.468884058101,0.773678576260392
"MG25217072","Antokonala","Vondrozo","Atsimo Atsinanana",0.473606439289532,0.381461985463144,0.572188607731597,1590.58251953125,753.310123471367,0.774122862223257
"MG24216132","Soamatasy","Ihosy","Ihorombe",0.358728604019962,0.261808660412368,0.461615557429174,2098.39501953125,752.754316038887,0.77456682038296
"MG23212230a","Zafindrafady","Vohipeno","Fitovinany",0.433001522070247,0.336255368739351,0.526634013321327,1735.67028808594,751.547876553316,0.775010067010835
"MG51521050","Ehara","Benenitra","Atsimo Andrefana",0.373497353913433,0.277194506404858,0.481642978962127,2009.6904296875,750.61405767343,0.775452762892601
"MG12118250","Alatsinainy Ibity","Antsirabe II","Vakinankaratra",0.525629314228572,0.426014470051948,0.627673298971776,1425.26123046875,749.15908316786,0.775894600661979
"MG11103111","Ivato Firaisana","Ambohidratrimo","Analamanga",0.491344083512442,0.370258408506922,0.615634180623049,1520.220703125,746.951448113594,0.77633513641611
"MG43408190","Brieville","Tsaratanana","Betsiboka",0.362669805353087,0.269910193571964,0.463627912728818,2051.31396484375,743.949636347951,0.776773901766806
"MG23209010","Mananjary","Mananjary","Vatovavy",0.394792015399674,0.27347142206758,0.523116373078245,1877.70397949219,741.302538387708,0.777211105916571
"MG25217112","Manato","Vondrozo","Atsimo Atsinanana",0.420336001278432,0.324952850560928,0.508354423644398,1759.90246582031,739.750365122963,0.777647394628229
"MG11115150","Sabotsy Manjakavahoaka","Andramasina","Analamanga",0.528694953331554,0.423836942264222,0.622602654222653,1399.09948730469,739.696838146752,0.778083651770837
"MG51521010","Benenitra","Benenitra","Atsimo Andrefana",0.373811323090375,0.271871021293615,0.476782337896921,1975.09643554688,738.313411802861,0.778519092998611
"MG42409150","Marovato","Port-Berge (Boriziny-Vaovao)","Sofia",0.26081126682332,0.174263906462281,0.369686089716445,2829.84326171875,738.055006000302,0.77895438182425
"MG25213290","Maheriraty","Farafangana","Atsimo Atsinanana",0.483402988543951,0.400050279126269,0.556037085046561,1525.78161621094,737.567393141787,0.779389383066407
"MG25214331","Amparihy Est","Vangaindrano","Atsimo Atsinanana",0.509049531674066,0.388516127942736,0.62789507532642,1445.61962890625,735.891995073563,0.779823396195142
"MG41405130","Ankirihitra","Ambato Boeni","Boeny",0.27661516377148,0.202115801754675,0.371886283050652,2656.939453125,734.949741957079,0.780256853603438
"MG23209252","Ambohitsara Est","Mananjary","Vatovavy",0.40535205543534,0.288578636683975,0.519385098290497,1812.90087890625,734.863097565183,0.780690259910751
"MG53517310","Ianakafy","Betroka","Anosy",0.364386468041039,0.26689676550808,0.463466711640958,2004.69323730469,730.483088247212,0.781121082983621
"MG33317071","Longozabe","Anosibe-An'ala","Alaotra Mangoro",0.46557855814617,0.36943419770061,0.591301000612798,1567.8359375,729.950795190999,0.781551592121598
"MG41406010","Marovoay Ville","Marovoay","Boeny",0.316038652438558,0.221722100847058,0.42002962290037,2306.39721679688,728.910668384525,0.781981487815358
"MG21208230","Ambohinamboarina","Ambohimahasoa","Haute Matsiatra",0.464830484583331,0.370935907306943,0.571131175219885,1566.63793945312,728.221072562628,0.782410976800466
"MG33316052","Marovato","Andilamena","Alaotra Mangoro",0.442661771623484,0.307103999951864,0.586499210073507,1641.5810546875,726.665177931517,0.782839548152687
"MG42411030","Ambolobozo","Analalava","Sofia",0.270959039369858,0.172521301253239,0.398529717375077,2675.595703125,724.976841460871,0.783267123760696
"MG54510012","Andimaky Manambolo","Belo Sur Tsiribihina","Menabe",0.228980606057438,0.158061787762283,0.314154351673997,3154.2294921875,722.257380765338,0.783693095489804
"MG11117330","Soavina","Antananarivo Atsimondrano","Analamanga",0.488339677607208,0.414244271530193,0.559045167063689,1478.45104980469,721.986309019659,0.784118907346679
"MG12110070","Manjakatompo","Ambatolampy","Vakinankaratra",0.618610145766673,0.514853352252158,0.708365289561713,1166.7080078125,721.737410780035,0.784544572408773
"MG31309031","Betampona","Marolambo","Atsinanana",0.422289981936335,0.316053740808561,0.531505306757688,1708.51184082031,721.487434398023,0.784970090040222
"MG33312112","Beanana","Amparafaravola","Alaotra Mangoro",0.431099723821578,0.329910281678627,0.528818382372353,1670.14221191406,719.997846298912,0.785394729144937
"MG11102050","Ambohimanambola","Antananarivo Avaradrano","Analamanga",0.564224633395172,0.460915389148101,0.655449081074088,1273.81665039062,718.718732579317,0.785818613856138
"MG33317051","Antandrokomby","Anosibe-An'ala","Alaotra Mangoro",0.499530920987887,0.390609229948743,0.618673035884432,1436.97900390625,717.815445261546,0.786241965828083
"MG22202170","Mangataboahangy","Ambatofinandrahana","Amoron I Mania",0.317749927975044,0.227659668427482,0.421677793370782,2255.46826171875,716.67487771113,0.786664645118038
"MG43404172","Mahatsinjo","Maevatanana","Betsiboka",0.373539324039165,0.262753128573739,0.496209590964015,1916.36401367188,715.837318279973,0.787086830433616
"MG42413150","Antsahabe","Antsohihy","Sofia",0.253149164846445,0.160036364413458,0.362667305819996,2826.76806640625,715.593975225342,0.787508872230743
"MG72712090","Ambodimanga I","Andapa","Sava",0.328258912616123,0.23422347842587,0.449600463445305,2179.45532226562,715.425634182335,0.787930814743975
"MG32305110","Vohilengo","Fenerive Est","Analanjirofo",0.418351693429772,0.329320300723645,0.504613140680061,1706.78979492188,714.03840103422,0.788351939097201
"MG21205050a","Volamena","Ambalavao","Haute Matsiatra",0.402468167292235,0.306593055784993,0.513023096581733,1770.45373535156,712.551270142635,0.788772186372901
"MG42412150","Ambararata","Befandriana Nord","Sofia",0.252617726763938,0.167027598564489,0.365944155696173,2813.921875,710.846547353818,0.789191428240094
"MG11107370","Beronono","Anjozorobe","Analamanga",0.433695562699724,0.323799762289677,0.54780739386304,1637.01220703125,709.964930274735,0.789610150148667
"MG72710130","Marofinaritra","Antalaha","Sava",0.284704929141071,0.191261528519014,0.389910435396562,2489.2998046875,708.715924504435,0.790028135420742
"MG31306010","Brickaville","Brickaville","Atsinanana",0.343924125747924,0.238033361290424,0.462021242703309,2060.26684570312,708.575473715879,0.79044603785799
"MG21225170","Mahazoarivo","Isandra","Haute Matsiatra",0.453637081782061,0.36618930931722,0.556339892389297,1558.470703125,706.980101808462,0.790862999379509
"MG11102230","Ambohimalaza Miray","Antananarivo Avaradrano","Analamanga",0.543702765958401,0.434274623463284,0.640606775138512,1297.72546386719,705.576924159239,0.791279133337301
"MG53517090","Ivahona","Betroka","Anosy",0.428444089735183,0.328213538735448,0.539098535600898,1646.72448730469,705.529374007892,0.791695239251046
"MG21225070","Ambondrona","Isandra","Haute Matsiatra",0.444531627686118,0.356345855518075,0.549348834827209,1584.72009277344,704.458202267472,0.792110713410944
"MG42409032","Tsaratanana I","Port-Berge (Boriziny-Vaovao)","Sofia",0.257716671705426,0.168908029917976,0.361485921913075,2732.5849609375,704.232701285114,0.792526054575257
"MG13112090","Soamahamanina","Miarinarivo","Itasy",0.54466979440011,0.462758545944138,0.628697431208805,1290.45812988281,702.873564285221,0.792940594150063
"MG72710272","Ampanavoana","Antalaha","Sava",0.325235965535478,0.213285630293699,0.444294776100907,2159.38403320312,702.309351000712,0.793354800964117
"MG23212010","Vohipeno","Vohipeno","Fitovinany",0.435866500792159,0.327972706519697,0.544706868959847,1610.97912597656,702.171834488615,0.793768926673918
"MG21225110","Ankarinarivo Manirisoa","Isandra","Haute Matsiatra",0.473150187302602,0.38457685385066,0.565408483916241,1481.03967285156,700.754198612301,0.794182216292843
"MG51512090","Bereketa","Sakaraha","Atsimo Andrefana",0.357520574475734,0.260516680897925,0.474066339601539,1954.61694335938,698.815772469846,0.794594362670096
"MG11107211","Antanetibe","Anjozorobe","Analamanga",0.442750587255187,0.329477729097991,0.556168449395329,1577.44311523438,698.413865631671,0.795006272011418
"MG22204130","Ankarinoro","Fandriana","Amoron I Mania",0.589527952233271,0.483794525437049,0.692252762546268,1179.81262207031,695.532519108078,0.795416481997089
"MG21205010","Ambalavao","Ambalavao","Haute Matsiatra",0.408044038269755,0.327662907408318,0.506885296496761,1698.53759765625,693.078140500665,0.795825244443522
"MG31309072","Ambodivoangy","Marolambo","Atsinanana",0.511602745684655,0.391381219049842,0.632111425455711,1354.43359375,692.931945410035,0.796233920667263
"MG41407050","Matsakabanja","Mitsinjo","Boeny",0.27515296481826,0.172174483857494,0.411628880841543,2512.79321289062,691.402502502057,0.796641694858768
"MG72716170","Nosibe","Vohemar","Sava",0.301392491310009,0.182505558387264,0.449283319602294,2289.70434570312,690.099697114819,0.797048700683929
"MG32303113","Mahalevona","Maroantsetra","Analanjirofo",0.332565799849146,0.218303824135946,0.469858840823481,2072.70532226562,689.31090335085,0.797455241295645
"MG53519250","Marotsiraka","Amboasary-Atsimo","Anosy",0.408928040411727,0.30113016874234,0.520490168195066,1685.49548339844,689.24636514894,0.797861743844131
"MG12120030","Betsohana","Mandoto","Vakinankaratra",0.376560100741608,0.289902440785038,0.471857432643191,1822.12634277344,686.140079198703,0.798266414372574
"MG12116030","Antsampanimahazo","Faratsiho","Vakinankaratra",0.554910297129572,0.467610022713681,0.642777157047409,1235.35559082031,685.511537962778,0.798670714201037
"MG51503070","Marerano","Beroroha","Atsimo Andrefana",0.328956550774542,0.233138385587186,0.437568411864153,2081.76708984375,684.810921390957,0.79907460082105
"MG51520250","Manombo Sud","Toliary-II","Atsimo Andrefana",0.304265780605957,0.19388707566266,0.423999422342465,2247.12548828125,683.723390811438,0.799477846039128
"MG53519130","Maromby","Amboasary-Atsimo","Anosy",0.466318612827214,0.361302607970776,0.573169066068624,1464.08447265625,682.729840350925,0.799880505282706
"MG51506311a","Savazy II","Betioky Atsimo","Atsimo Andrefana",0.378921334321735,0.278413354650698,0.477775464108191,1796.42504882812,680.703776510942,0.8002819695978
"MG13113011a","Ambohidanerana","Soavinandriana","Itasy",0.471239138025686,0.385662713426008,0.56111297805898,1442.96801757812,679.983004802148,0.800683008817382
"MG44421050","Andabotoka","Maintirano","Melaky",0.250121620467237,0.166718657182098,0.341474767166483,2714.50048828125,678.955260888013,0.801083441895907
"MG32315150","Sahatavy","Vavatenina","Analanjirofo",0.423788813264444,0.325844135132289,0.530393441916346,1594.34741210938,675.66659770907,0.801481935392258
"MG43408010","Tsaratanana","Tsaratanana","Betsiboka",0.376014907851936,0.276424545967417,0.492348144114061,1793.94458007812,674.549905969557,0.801879770288055
"MG54511092","Manambina","Miandrivazo","Menabe",0.269718102811211,0.166111629455982,0.384746675121639,2499.48803710938,674.157171368458,0.802277373557507
"MG21205110","Kirano","Ambalavao","Haute Matsiatra",0.460406060272391,0.361153378879318,0.555697239410566,1463.18322753906,673.658425247901,0.80267468267732
"MG42411070","Ambaliha","Analalava","Sofia",0.259486748663796,0.161524362623012,0.366156380415338,2590.80541992188,672.279674836068,0.803071178640062
"MG25213471","Ambalatany","Farafangana","Atsimo Atsinanana",0.435635470927108,0.331981300617408,0.528179158327454,1543.19897460938,672.272212038186,0.803467670201407
"MG51504010","Morombe","Morombe","Atsimo Andrefana",0.296187352425544,0.187631919098263,0.423242165023237,2262.89697265625,670.241463142833,0.803862964071125
"MG43408030","Bekapaika","Tsaratanana","Betsiboka",0.351795432242282,0.254309782670015,0.457580110374017,1904.57568359375,670.021025848002,0.804258127931709
"MG23210051","Marofarihy","Manakara Atsimo","Fitovinany",0.391766348968716,0.28902317794335,0.510327997796493,1709.62182617188,669.772300956585,0.804653145099751
"MG31306171","Ranomafana Est","Brickaville","Atsinanana",0.384881709288064,0.272628905237766,0.508181562056063,1738.85070800781,669.251832694807,0.805047855306906
"MG23209031","Tsaravary","Mananjary","Vatovavy",0.389611324789695,0.272477766660106,0.521894841851015,1717.73425292969,669.248717920572,0.805442563677035
"MG21219130","Tsitondroina","Ikalamavony","Haute Matsiatra",0.30247586695191,0.211835504171804,0.413667141852664,2207.86376953125,667.825507800676,0.805836432668722
"MG53519070","Sampona","Amboasary-Atsimo","Anosy",0.509481530809431,0.415167586635366,0.612812500058621,1309.75622558594,667.296606798707,0.806229989726075
"MG23210390","Fenomby","Manakara Atsimo","Fitovinany",0.435268762712675,0.335252796971701,0.543956303754882,1532.70812988281,667.13997129375,0.806623454403207
"MG42414071","Ambatosia","Bealanana","Sofia",0.322188072020431,0.224332725411212,0.441463424461074,2066.89135742188,665.927741523446,0.807016204133527
"MG53517210","Jangany","Betroka","Anosy",0.337854394293902,0.243113287963864,0.440545779016617,1970.07495117188,665.598479341762,0.807408759672158
"MG41406111","Manaratsandry","Marovoay","Boeny",0.335630956439571,0.240363060879102,0.454480121524189,1977.78759765625,663.806743035688,0.8078002584836
"MG12110210","Sabotsy Namatoana","Ambatolampy","Vakinankaratra",0.650021788411485,0.551261781904933,0.735648794852648,1017.06011962891,661.11123788318,0.808190167544598
"MG23210353","Betampona","Manakara Atsimo","Fitovinany",0.394577634119316,0.27865187115973,0.511177528344518,1672.87414550781,660.078722513845,0.808579467650439
"MG71719232","Ambohitrandriana","Ambanja","Diana",0.242491236324785,0.137675225849327,0.408600813175812,2718.20458984375,659.140791574916,0.808968214584967
"MG25217051","Mahazoarivo","Vondrozo","Atsimo Atsinanana",0.413563807880539,0.328250042675526,0.506355673996742,1592.3876953125,658.553918895553,0.809356615394725
"MG44402030","Marovoay Sud","Besalampy","Melaky",0.227181238567663,0.146844662565058,0.342373606634235,2897.02319335938,658.14931722663,0.809744777579198
"MG12110190","Ambodifarihy Fenomanana","Ambatolampy","Vakinankaratra",0.574059519437466,0.48284818474641,0.666573967099976,1145.85815429688,657.790781399166,0.810132728307022
"MG11104210","Kiangara","Ankazobe","Analamanga",0.379957982526378,0.269707917423452,0.496233417933359,1729.94848632812,657.307736739797,0.810520394145588
"MG42411090a","Bejofo","Analalava","Sofia",0.248108981846396,0.16166073702895,0.358900025943539,2639.71044921875,654.935871924956,0.810906661109759
"MG21208130","Morafeno","Ambohimahasoa","Haute Matsiatra",0.495294972372015,0.385379381972114,0.613871480154049,1319.64538574219,653.613724872033,0.811292148300291
"MG42412230","Matsondakana","Befandriana Nord","Sofia",0.329123058032027,0.228549778373602,0.452588265786084,1982.82885742188,652.594697108838,0.811677034490362
"MG32315010","Vavatenina","Vavatenina","Analanjirofo",0.406331774353335,0.306625033627468,0.500586466403775,1603.00061035156,651.35008229363,0.812061186633626
"MG51512150","Ambinany","Sakaraha","Atsimo Andrefana",0.399019988927528,0.288982368219185,0.508691039037386,1631.74743652344,651.099844054104,0.812445191191807
"MG43404091","Antsiafabositra","Maevatanana","Betsiboka",0.285090597949205,0.19963077245029,0.38374088661887,2282.42553710938,650.698061149047,0.812828958787149
"MG14111250","Ambalanirana","Tsiroanomandidy","Bongolava",0.395911352894639,0.324909699622212,0.474258190071939,1641.53503417969,649.902356206028,0.813212257092984
"MG53517030","Tsaraitso","Betroka","Anosy",0.446922432136948,0.342214947150857,0.572377533313329,1453.45812988281,649.583042416447,0.813595367074476
"MG42409091","Andranomeva","Port-Berge (Boriziny-Vaovao)","Sofia",0.278571859083617,0.19274368787406,0.381640301699104,2330.79614257812,649.294214582912,0.813978306711579
"MG23209110","Marokarima","Mananjary","Vatovavy",0.406730213287997,0.300272014107719,0.513989224759318,1594.62573242188,648.582464262478,0.81436082657379
"MG25213370","Evato","Farafangana","Atsimo Atsinanana",0.452687659371132,0.364640535911459,0.536833224509862,1432.3701171875,648.416275702764,0.814743248421594
"MG23210213","Sakoana","Manakara Atsimo","Fitovinany",0.435847422294945,0.328617231328791,0.548348125721242,1486.91650390625,648.068725395351,0.81512546529177
"MG51520030","Belalanda","Toliary-II","Atsimo Andrefana",0.277136072404393,0.182792156058691,0.369310793095255,2337.04956054688,647.680736224373,0.815507453334352
"MG51507170","Belafike Haut","Ampanihy Ouest","Atsimo Andrefana",0.299557546359572,0.21423854918427,0.395038508002612,2161.72509765625,647.561066157812,0.815889370798126
"MG25213530","Antseranambe","Farafangana","Atsimo Atsinanana",0.511266081883447,0.42867189629097,0.598721914165976,1266.56127929688,647.549822731399,0.816271281630771
"MG25222012","Antondabe","Befotaka","Atsimo Atsinanana",0.510666895444455,0.382573621937085,0.636953046516073,1266.67150878906,646.847206941254,0.816652778075871
"MG11107019","Anjozorobe","Anjozorobe","Analamanga",0.503046019401685,0.394803871710619,0.610266018674885,1283.97045898438,645.896228421444,0.817033713654478
"MG54510031","Tsimafana","Belo Sur Tsiribihina","Menabe",0.227251111294205,0.151672966144858,0.318349104018982,2840.427734375,645.490359187599,0.817414409860219
"MG23206051","Ranomafana","Ifanadiana","Vatovavy",0.490145408175915,0.393475568869656,0.594249978395836,1316.72961425781,645.388974237711,0.817795046271316
"MG31310193","Antenina","Toamasina II","Atsinanana",0.341332785068905,0.22100749275223,0.484775522859329,1888.95776367188,644.763214351651,0.818175313622812
"MG42412030","Morafeno","Befandriana Nord","Sofia",0.215201503726181,0.13323438218637,0.323241872632965,2995.6240234375,644.662794442022,0.818555521748825
"MG72711410","Ambodiampana","Sambava","Sava",0.337084674507799,0.242389909211325,0.463475888034444,1907.91455078125,643.128755338792,0.818934825131866
"MG23210410","Ambalavero","Manakara Atsimo","Fitovinany",0.433291012828532,0.334885908061724,0.541280227513462,1483.54650878906,642.807369371446,0.819313938968438
"MG23210330","Mavorano","Manakara Atsimo","Fitovinany",0.425794054055923,0.325147178718896,0.522608176246165,1506.62609863281,641.512434483324,0.819692289080515
"MG21208251","Sahatona","Ambohimahasoa","Haute Matsiatra",0.485015244744127,0.392321928661733,0.577719579555046,1319.86950683594,640.156831888342,0.8200698396876
"MG32304012","Ambodivoanio","Mananara-Avaratra","Analanjirofo",0.362890876108791,0.250719946861356,0.465706613389161,1759.04760742188,638.342327374397,0.8204463201393
"MG71719091","Antranokarany","Ambanja","Diana",0.245485146404652,0.157748749285378,0.342531369180015,2599.11669921875,638.04454343049,0.820822624964492
"MG51506030","Beantake","Betioky Atsimo","Atsimo Andrefana",0.341871776133079,0.227838812053266,0.474060381057774,1865.30517578125,637.695193474561,0.821198723750662
"MG32305010","Fenerive Est","Fenerive Est","Analanjirofo",0.379668824456904,0.284345276718217,0.481612502068376,1676.26721191406,636.426401823064,0.821574074231051
"MG32303112","Ambanizana","Maroantsetra","Analanjirofo",0.326914200473459,0.217888391029262,0.456524666767398,1942.3515625,634.982308093062,0.821948573016296
"MG71717210","Betsiaka","Ambilobe","Diana",0.26679787529108,0.176881575923118,0.360869028016591,2370.14526367188,632.349720478873,0.822321519158498
"MG42411110","Marovatolena","Analalava","Sofia",0.26095688554975,0.158339572902075,0.391209661540027,2422.5810546875,632.189207023079,0.822694370633347
"MG31308190","Befotaka","Mahanoro","Atsinanana",0.378682924774771,0.275177847956679,0.48909995960864,1668.87316894531,631.973772694352,0.823067095049704
"MG71719172a","Antsahabe Centre","Ambanja","Diana",0.247979108396668,0.145839820658381,0.394001815752468,2542.1416015625,630.398007773547,0.823438890114107
"MG33314250","Analasoa","Moramanga","Alaotra Mangoro",0.446112059101866,0.34714805519017,0.552750891769588,1412.28149414062,630.035805382534,0.8238104715594
"MG23206071","Androrangavola","Ifanadiana","Vatovavy",0.429961340744388,0.319097199328808,0.532849872680704,1465.08618164062,629.930418964279,0.824181990850071
"MG33312052","Anororo","Amparafaravola","Alaotra Mangoro",0.353579901135217,0.259871789100411,0.451277677928313,1780.90148925781,629.690972503337,0.824553368920416
"MG22202090","Ambondromisotra","Ambatofinandrahana","Amoron I Mania",0.413549939511336,0.319371235718185,0.505228466212187,1521.10656738281,629.053528931458,0.824924371040375
"MG71713210","Ankarongana","Antsiranana II","Diana",0.264660083283515,0.175397393507919,0.373461122888849,2374.85473632812,628.529252302851,0.825295063953356
"MG51520250a","Tsifota","Toliary-II","Atsimo Andrefana",0.302332811169197,0.196273878227931,0.412735290088803,2077.83471679688,628.197611074151,0.825665561271538
"MG54511071","Ankotrofotsy","Miandrivazo","Menabe",0.256772653864372,0.166904988246278,0.346726595672628,2446.02954101562,628.073496677233,0.826035985389742
"MG52514011b","Behazomanga","Tsihombe","Androy",0.412446130184986,0.303949549581683,0.536543143362627,1522.27648925781,627.857047065971,0.826406281850662
"MG42423111","Ampasimatera","Mampikony","Sofia",0.305475647937357,0.214469317216125,0.417464504861349,2055.24365234375,627.826886368847,0.826776560523458
"MG23210232","Ambandrika","Manakara Atsimo","Fitovinany",0.410102285438502,0.31105164557296,0.515507395408636,1530.62194824219,627.711559116453,0.827146771178744
"MG44421232","Bebaboky Sud","Maintirano","Melaky",0.227535511300036,0.134352078271098,0.328334726815864,2756.7548828125,627.259631789612,0.827516715297099
"MG14111150","Tsinjoarivo Imanga","Tsiroanomandidy","Bongolava",0.363855856864827,0.289963497160534,0.438959763720552,1723.79089355469,627.211412630126,0.82788663097684
"MG12118270","Sahanivotry Manandona","Antsirabe II","Vakinankaratra",0.555353923748879,0.451155459578685,0.657056423483707,1128.20886230469,626.555218489167,0.828256159647518
"MG23212250","Sahalava","Vohipeno","Fitovinany",0.40855281732865,0.314384238483899,0.507778122418126,1531.38293457031,625.650812327717,0.828625154919069
"MG71719172","Ambodimanga Ramena","Ambanja","Diana",0.258783658551007,0.172636379943655,0.363796438884215,2409.70849609375,623.593180660586,0.828992936644115
"MG23206011","Ifanadiana","Ifanadiana","Vatovavy",0.441604917694698,0.319646924203668,0.555852044922266,1406.42541503906,621.084379652057,0.829359238732772
"MG72711390","Antindra","Sambava","Sava",0.368673480808201,0.267272060831956,0.485425716171199,1680.87390136719,619.693632016701,0.829724720588655
"MG13113210","Ambatoasana Centre","Soavinandriana","Itasy",0.360204367324941,0.277479763309753,0.452167484534301,1719.58776855469,619.403024231949,0.830090031050373
"MG72716232","Ambodisambalahy","Vohemar","Sava",0.369099635058546,0.258892216893802,0.509698004986561,1673.40698242188,617.653906516337,0.830454309920421
"MG23209430","Sandrohy","Mananjary","Vatovavy",0.424539709136189,0.317378204717162,0.529039358770753,1454.06396484375,617.307892700179,0.830818384719029
"MG42414151","Mangindrano","Bealanana","Sofia",0.303638957404419,0.195580141514976,0.440594025216776,2031.70373535156,616.904403956812,0.831182221548732
"MG14111070","Bevato","Tsiroanomandidy","Bongolava",0.354723478746367,0.282452584254272,0.436247215349982,1738.9580078125,616.849233925102,0.831546025840348
"MG33314150","Sabotsy Anjiro","Moramanga","Alaotra Mangoro",0.434811458438413,0.324129394222848,0.545584473799277,1418.16955566406,616.636372811247,0.831909704591099
"MG23210510","Anteza","Manakara Atsimo","Fitovinany",0.438577356627455,0.330632062284123,0.552368409167128,1404.03381347656,615.777438530116,0.832272876761051
"MG51504030","Befandefa","Morombe","Atsimo Andrefana",0.330103359515937,0.213580413504791,0.454467499733237,1865.06872558594,615.665452044026,0.832635982883803
"MG41406033","Anosinalainolona","Marovoay","Boeny",0.347792178257026,0.250366978150857,0.458509292981886,1770.20434570312,615.663225352144,0.832999087693301
"MG43404031","Maevatanana II","Maevatanana","Betsiboka",0.263638991957155,0.189961108653344,0.341726197912111,2329.25561523438,614.082602410934,0.83336126028569
"MG42413130","Ambodimanary","Antsohihy","Sofia",0.222171242825801,0.14178161604917,0.31855182215696,2763.03076171875,613.865978296973,0.833723305117878
"MG21208211","Isaka","Ambohimahasoa","Haute Matsiatra",0.448776836389128,0.368945680391493,0.542602406090382,1365.435546875,612.775845019821,0.834084707013116
"MG41401001","Mahajanga","Mahajanga I","Boeny",0.222176225998851,0.114735490103816,0.353002833789981,2755.33666992188,612.170302679485,0.834445751772623
"MG54509092","Ambia","Mahabo","Menabe",0.32711454734313,0.232132747307037,0.43214002190645,1862.31103515625,609.189031277253,0.834805038242956
"MG53515052","Isaka-Ivondro","Taolagnaro","Anosy",0.525004314760743,0.392261706757762,0.637535814502424,1159.03881835938,608.500380613865,0.835163918562071
"MG33312111","Tanambe","Amparafaravola","Alaotra Mangoro",0.337478804118725,0.242490703073829,0.441445641899858,1799.93835449219,607.441043361449,0.835522174107065
"MG72711090","Nosiarina","Sambava","Sava",0.340836673298594,0.240738125223887,0.459404241325004,1781.43627929688,607.178815128972,0.835880274995538
"MG23210090a","Manjarivo","Manakara Atsimo","Fitovinany",0.410226636439456,0.311981246353359,0.519871333431921,1478.84289550781,606.660746846556,0.83623807033858
"MG53519050a","Berano","Amboasary-Atsimo","Anosy",0.548663481659436,0.449953149552278,0.658318325475426,1105.52514648438,606.561275932176,0.836595807015836
"MG41406112","Antanimasaka","Marovoay","Boeny",0.343596545223578,0.247590922349526,0.462510868507536,1762.26794433594,605.509177432085,0.836952923188229
"MG42413051","Ampandriankilandy","Antsohihy","Sofia",0.24337135644279,0.152624135269752,0.363024747107319,2487.54516601562,605.397241265928,0.8373099733431
"MG53519230","Tsivory","Amboasary-Atsimo","Anosy",0.414357473670261,0.301547556555985,0.527821228051724,1459.7216796875,604.846587457023,0.837666698734305
"MG21208030","Ampitana","Ambohimahasoa","Haute Matsiatra",0.504669121566253,0.405917067021574,0.607703267723471,1197.93872070312,604.562681867447,0.838023256684154
"MG23209170","Marosangy","Mananjary","Vatovavy",0.429178726764031,0.313315243236375,0.538737232181139,1406.77502441406,603.757913821465,0.838379339999274
"MG25217170","Andakana","Vondrozo","Atsimo Atsinanana",0.424120163436562,0.322018267479645,0.511178354667411,1422.41442871094,603.274639979407,0.83873513828997
"MG22223171","Ambatomarina","Manandriana","Amoron I Mania",0.500744835743152,0.40665717270787,0.587742717076089,1203.75561523438,602.774407825434,0.839090641554597
"MG21205290","Fenoarivo","Ambalavao","Haute Matsiatra",0.335280750051697,0.246606619067656,0.436152049920304,1795.25939941406,601.915917972905,0.83944563850054
"MG25217030a","Andoharano","Vondrozo","Atsimo Atsinanana",0.456625298400646,0.353171140483891,0.558873812735777,1318.04736328125,601.853770564486,0.83980059879329
"MG41403010a","Antsakoamileka","Soalala","Boeny",0.266538463503563,0.171452966048094,0.3943588840684,2252.94580078125,600.496712097038,0.840154758722406
"MG23209290","Andonabe","Mananjary","Vatovavy",0.415216788702058,0.302327056661893,0.525128931606372,1446.01098632812,600.40803817106,0.840508866353565
"MG11103370","Ambohipihaonana","Ambohidratrimo","Analamanga",0.507823198920859,0.378802772694362,0.615950728682945,1181.95886230469,600.226130448425,0.840862866699497
"MG23209150","Antsenavolo","Mananjary","Vatovavy",0.406467473574995,0.30053371139551,0.516690774416888,1476.59216308594,600.186686030178,0.841216843781967
"MG23209410","Kianjavato","Mananjary","Vatovavy",0.426685168964409,0.307352295487026,0.540377525791541,1405.341796875,599.638502052355,0.841570497557423
"MG51520358","Beheloka","Toliary-II","Atsimo Andrefana",0.32782474305275,0.211467575110333,0.476791593013798,1825.73974609375,598.522663144377,0.841923493235307
"MG23207010a","Fanivelona","Nosy-Varika","Vatovavy",0.411789178836714,0.289063329409104,0.538146805003034,1452.75463867188,598.228639709919,0.842276315504549
"MG21205250","Miarinarivo","Ambalavao","Haute Matsiatra",0.471567258278286,0.380539587416416,0.569271617397158,1268.49987792969,598.183009561643,0.842629110862121
"MG53519150","Elonty","Amboasary-Atsimo","Anosy",0.419858093326102,0.303567843107584,0.537599693500211,1422.41394042969,597.212004949276,0.842981333542244
"MG23210490","Ampasimpotsy Sud","Manakara Atsimo","Fitovinany",0.42984959616669,0.331382758204588,0.532328586815305,1387.36437988281,596.358018428677,0.843333052559651
"MG23212190","Andemaka","Vohipeno","Fitovinany",0.418566869911697,0.316633529701998,0.518973888266696,1421.21008300781,594.871455931524,0.843683894834757
"MG32304091","Sandrakatsy","Mananara-Avaratra","Analanjirofo",0.371023281600561,0.261262049335177,0.485682928333361,1594.59887695312,591.633308163718,0.844032827320582
"MG23209450","Anosimparihy","Mananjary","Vatovavy",0.407712945454442,0.306109923329414,0.511564110820795,1450.64685058594,591.447500266602,0.844381650220942
"MG72711059","Ambohimalaza","Sambava","Sava",0.364612112922718,0.26388868568685,0.475932458131942,1621.02746582031,591.046249418503,0.84473023647226
"MG53515090","Ankaramena","Taolagnaro","Anosy",0.485051190215738,0.375280692041301,0.588444679787712,1215.95922851562,589.802471045314,0.845078089170085
"MG53515071","Manambaro","Taolagnaro","Anosy",0.463886149849632,0.351327740668129,0.562856346376311,1271.11706542969,589.653601490341,0.845425854067877
"MG22203230","Kianjandrakefina","Ambositra","Amoron I Mania",0.576540135150117,0.487160614645749,0.667987904916885,1022.21734619141,589.349326925988,0.845773439511134
"MG41405052","Andranofasika","Ambato Boeni","Boeny",0.358885518268408,0.261109997392354,0.463582265892234,1641.75903320312,589.203541502943,0.846120938973312
"MG42412030a","Ambodimotso Haut","Befandriana Nord","Sofia",0.219651075738694,0.141561279640215,0.316086372729859,2682.06372070312,589.118181452167,0.846468388091985
"MG53517250","Bekorobo","Betroka","Anosy",0.404157715478129,0.311781983055598,0.50652592654855,1457.38647460938,589.013988146849,0.846815775759708
"MG22203250","Ambalamanakana","Ambositra","Amoron I Mania",0.550580864970351,0.4647351991278,0.639534345627202,1068.36804199219,588.223000666739,0.84716269692018
"MG51520133","Soalara Sud","Toliary-II","Atsimo Andrefana",0.301789294605231,0.193444401510383,0.437011486561981,1947.48620605469,587.730488378662,0.847509327607594
"MG25213150","Mahavelo","Farafangana","Atsimo Atsinanana",0.454566467850106,0.363924389657098,0.54086032679105,1292.81579589844,587.670709922377,0.847855923038971
"MG23210151","Sahasinaka","Manakara Atsimo","Fitovinany",0.435390935062594,0.322406998238938,0.548784856024642,1346.39660644531,586.208877445327,0.848201656313276
"MG22202110","Ambatomifanongoa","Ambatofinandrahana","Amoron I Mania",0.419260446393861,0.331305444269937,0.503622146197158,1395.29699707031,584.992841843714,0.848546672396174
"MG52518290","Anivorano Mitsinjo","Bekily","Androy",0.428365473933936,0.340893681264709,0.521937579665676,1363.68994140625,584.15768804943,0.848891195923488
"MG31311010","Antanambao Manampontsy","Antanambao Manampontsy","Atsinanana",0.421494246152819,0.315944059932883,0.545871743304127,1384.82690429688,583.696572078754,0.84923544749461
"MG23207172","Antanambao","Nosy-Varika","Vatovavy",0.455738598265384,0.351937221745575,0.569256227315014,1278.04418945312,582.454067422586,0.84957896626345
"MG25213590","Marovandrika","Farafangana","Atsimo Atsinanana",0.444325296671152,0.350395482676065,0.538454693840729,1310.67529296875,582.366188387888,0.849922433203142
"MG21225190a","Andreamalama","Isandra","Haute Matsiatra",0.429391588108996,0.34920918365672,0.521174958334477,1355.47595214844,582.029971736571,0.850265701849549
"MG23209332","Andranomavo","Mananjary","Vatovavy",0.437084945480878,0.339556157355191,0.541450861472973,1330.22253417969,581.420243829363,0.850608610891669
"MG11115092","Tankafatra","Andramasina","Analamanga",0.533367966691921,0.421763020829512,0.651618018905301,1090.00769042969,581.375185523039,0.850951493359377
"MG72710170","Ambalabe","Antalaha","Sava",0.292970746694693,0.194142549064267,0.403132598301822,1980.26879882812,580.160828648879,0.851293659625755
"MG51503011","Beroroha","Beroroha","Atsimo Andrefana",0.286247889241605,0.184720537381484,0.414277461275753,2026.5986328125,580.1095809825,0.851635795667371
"MG53515053","Mandiso","Taolagnaro","Anosy",0.516627494748803,0.396340120608756,0.624494788031344,1121.73840332031,579.520901070895,0.851977584518351
"MG51512030","Miary Lamatihy","Sakaraha","Atsimo Andrefana",0.371950608218517,0.26128935104185,0.488721303481824,1554.53784179688,578.211295755048,0.852318600992535
"MG44402090","Ankasakasa Tsibiray","Besalampy","Melaky",0.229773774423612,0.148594931839386,0.326061379933409,2501.166015625,574.702355870224,0.852657547970125
"MG23210212","Vatana","Manakara Atsimo","Fitovinany",0.413653477591891,0.310070336072832,0.521790867231032,1388.20788574219,574.237019557742,0.852996220502456
"MG14111010","Tsiroanomandidy Ville","Tsiroanomandidy","Bongolava",0.317396238545358,0.243207198942413,0.403942356659286,1806.72082519531,573.446394018557,0.853334426741002
"MG12110110","Andriambilany","Ambatolampy","Vakinankaratra",0.617886868081225,0.512089018661069,0.706452029133274,927.448608398438,573.058315949601,0.853672404099524
"MG11107250","Amparatanjona","Anjozorobe","Analamanga",0.459328553816955,0.354056303850435,0.573119584337827,1245.36267089844,572.0306346014,0.85400977535389
"MG12118170","Ambohitsimanova","Antsirabe II","Vakinankaratra",0.561628500969498,0.462619026704529,0.658635429368614,1017.97387695312,571.723142539292,0.854346965256111
"MG25217030","Mahatsinjo","Vondrozo","Atsimo Atsinanana",0.460120608367911,0.360275509605798,0.556595504027382,1242.33386230469,571.62341251969,0.85468409633973
"MG12110030","Morarano","Ambatolampy","Vakinankaratra",0.569520790856126,0.473409265175967,0.667518122033833,1001.10223388672,570.148535970998,0.855020357573168
"MG71717231","Ambarakaraka","Ambilobe","Diana",0.252553507023388,0.163554966997015,0.359833953854449,2255.04760742188,569.520181759095,0.855356248216928
"MG43404191","Mangabe","Maevatanana","Betsiboka",0.28109672329255,0.200410618283821,0.378590539248088,2023.50415039062,568.80038624368,0.855691714340914
"MG72716350","Belambo","Vohemar","Sava",0.376181394423036,0.254937319910188,0.529666962805651,1511.34997558594,568.541741277139,0.856027027921711
"MG21208150","Ikalalao","Ambohimahasoa","Haute Matsiatra",0.509380757448902,0.415604517070779,0.613365202376152,1115.65930175781,568.295380184307,0.856362196204082
"MG51506090","Tameantsoa","Betioky Atsimo","Atsimo Andrefana",0.328483326801407,0.225034881172966,0.456029144775492,1728.61706542969,567.821884418029,0.856697085228926
"MG72716250","Ambinanin'andravory","Vohemar","Sava",0.349050897987517,0.238870242435458,0.486376414247268,1623.01977539062,566.516510051596,0.857031204372297
"MG51506015","Maroarivo Ankazomanga","Betioky Atsimo","Atsimo Andrefana",0.319040794629,0.209980949680786,0.464136600040901,1775.17541503906,566.353375019927,0.857365227302166
"MG41406158","Ankaraobato","Marovoay","Boeny",0.29585636134845,0.208855567101331,0.405770236592769,1912.900390625,565.943749192341,0.857699008643612
"MG33317052","Ambalaomby","Anosibe-An'ala","Alaotra Mangoro",0.530397279317901,0.437222155371615,0.630102842954119,1065.08776855469,564.91965467618,0.858032185996337
"MG53515252","Analamary","Taolagnaro","Anosy",0.556086733510209,0.427186307483686,0.674604478702163,1013.49346923828,563.590272742645,0.858364579308447
"MG41415072","Andranoboka","Mahajanga II","Boeny",0.279188171409291,0.18385402641378,0.392806017748909,2017.3818359375,563.229145809709,0.858696759635729
"MG13113132","Amberomanga","Soavinandriana","Itasy",0.37669066986527,0.292840653450905,0.466543973171499,1494.31689453125,562.895231991967,0.859028743027888
"MG22204010","Fandriana","Fandriana","Amoron I Mania",0.543382733103504,0.435810472407389,0.649427286563769,1033.38940429688,561.525958867038,0.859359918852472
"MG23210311","Ampasimanjeva","Manakara Atsimo","Fitovinany",0.410011709802755,0.30164598138627,0.516223322757584,1367.20764160156,560.571142788449,0.859690531547255
"MG31306251","Lohariandava","Brickaville","Atsinanana",0.364442114176727,0.250842868549403,0.482049696288122,1537.8232421875,560.447553612921,0.860021071351824
"MG12109190","Antohobe","Betafo","Vakinankaratra",0.415166828805606,0.298423613652947,0.53226306523374,1348.76843261719,559.963912962785,0.860351325915633
"MG11106310","Merikanjaka","Manjakandriana","Analamanga",0.519729763715087,0.416443344715943,0.614923336400494,1077.392578125,559.952990057295,0.86068157403735
"MG25214270a","Mahabe","Vangaindrano","Atsimo Atsinanana",0.536624629035041,0.41685966685361,0.663261390690578,1042.26318359375,559.304094252877,0.861011439454403
"MG25214092","Bema","Vangaindrano","Atsimo Atsinanana",0.49929507639063,0.402390352551128,0.599652339672546,1119.73974609375,559.080542063503,0.861341173025226
"MG23210130","Ambohitsara M","Manakara Atsimo","Fitovinany",0.432201290352439,0.32712949985626,0.529673909684047,1290.05163574219,557.561981589048,0.861670010982037
"MG33314210","Ambatovola","Moramanga","Alaotra Mangoro",0.439524825921874,0.333634771989022,0.560966435405734,1268.51232910156,557.542660628115,0.861998837543764
"MG11107150","Betatao","Anjozorobe","Analamanga",0.475993584346326,0.379280557361878,0.575870238176746,1169.9345703125,556.881349573725,0.862327274078583
"MG32305030a","Betampona","Fenerive Est","Analanjirofo",0.409120444074189,0.307796444571823,0.505939622866459,1354.03210449219,553.962215880553,0.862653988971699
"MG21220030","Ambalakely","Lalangina","Haute Matsiatra",0.44556037135167,0.352556320675282,0.539348893908237,1243.07238769531,553.86379467853,0.862980645818125
"MG42409132","Maevaranohely","Port-Berge (Boriziny-Vaovao)","Sofia",0.318170906022619,0.211184358504727,0.435785922243228,1734.15588378906,551.757948729622,0.863306060682312
"MG11115092a","Morarano Soa Firaisana","Andramasina","Analamanga",0.580335369451019,0.463908926345717,0.689144677420858,949.716613769531,551.154141925712,0.863631119434348
"MG13105030","Arivonimamo II","Arivonimamo","Itasy",0.553295197180298,0.471457532704405,0.639546261346635,995.085815429688,550.576202459486,0.86395583733023
"MG12116090","Andranomiady","Faratsiho","Vakinankaratra",0.572739835664142,0.463772234363279,0.678394418755208,960.791381835938,550.283498140239,0.864280382595457
"MG51512012","Miary Taheza","Sakaraha","Atsimo Andrefana",0.370593258977645,0.276930906431056,0.473270376808023,1482.26733398438,549.318281977374,0.864604358597137
"MG23207031","Ambahy","Nosy-Varika","Vatovavy",0.404109496081073,0.282202980769309,0.521073247763782,1349.72595214844,545.437074370251,0.864926045546798
"MG24221030a","Andranombao","Iakora","Ihorombe",0.39519923988115,0.302030463103809,0.488931149391367,1377.60314941406,544.427717506316,0.865247137199686
"MG71719310","Anorontsangana","Ambanja","Diana",0.264411086236427,0.178381036572394,0.36490838998782,2058.93115234375,544.40422247723,0.865568214995716
"MG21219150","Tanamarina Bekisopa","Ikalamavony","Haute Matsiatra",0.288462655038404,0.203420834540561,0.388319469874297,1885.18029785156,543.80411394435,0.865888938860755
"MG42413110","Anjiamangirana","Antsohihy","Sofia",0.260637832205696,0.15832343499923,0.379376046791803,2084.87133789062,543.396345935602,0.866209422233073
"MG21205072","Andrainjato","Ambalavao","Haute Matsiatra",0.437490008856792,0.345107537119959,0.530117257930458,1241.51953125,543.152390722443,0.8665297617259
"MG25217030b","Ambodirano","Vondrozo","Atsimo Atsinanana",0.437797639758337,0.352823432202082,0.5235775726558,1239.849609375,542.803232639671,0.866849895292867
"MG32304070","Ambodiampana","Mananara-Avaratra","Analanjirofo",0.358976517496483,0.251722220101544,0.473716427131115,1511.96020507812,542.758209012214,0.867170002305876
"MG12109030","Andranomafana","Betafo","Vakinankaratra",0.454137967664895,0.354375507432408,0.551119702976446,1193.77429199219,542.138230815931,0.867489743669199
"MG42412090","Maroamalona","Befandriana Nord","Sofia",0.270504350196484,0.169152817922021,0.389209050279523,2002.69348144531,541.737298841099,0.867809248571544
"MG12118210","Manandona","Antsirabe II","Vakinankaratra",0.554939588208125,0.463292623327775,0.655660791017794,976.104187011719,541.678855588509,0.868128719005327
"MG13105070","Ampahimanga","Arivonimamo","Itasy",0.577371741702646,0.499548654618224,0.661028159665984,938.151733398438,541.662300293612,0.868448179675157
"MG31310191","Mangabe","Toamasina II","Atsinanana",0.37120439685605,0.264590815778769,0.482893346524162,1458.68115234375,541.46885736105,0.868767526256542
"MG11104150","Tsaramasoandro","Ankazobe","Analamanga",0.424552901823186,0.305053922168522,0.563519288834053,1274.48413085938,541.085936083949,0.869086646999269
"MG51504130","Antanimieva","Morombe","Atsimo Andrefana",0.320508370372657,0.21053434546908,0.446437128003364,1682.71923828125,539.325600856242,0.86940472953448
"MG24218030a","Kotipa","Ivohibe","Ihorombe",0.36358833886461,0.276085194334586,0.457911105242982,1474.53234863281,536.122767241537,0.869720923107931
"MG52518252","Vohimanga","Bekily","Androy",0.415164270479844,0.311224794482664,0.533744195821086,1290.22827148438,535.65667908328,0.870036841792702
"MG22204170a","Isandrandahy Ambony","Fandriana","Amoron I Mania",0.58157641975963,0.487848094629221,0.671456412946426,920.945678710938,535.600290617809,0.870352727220779
"MG52518152","Maroviro","Bekily","Androy",0.37401607678184,0.280555019786851,0.478836980647859,1431.97106933594,535.580201418123,0.870668600800683
"MG23212110","Lanivo","Vohipeno","Fitovinany",0.426257115690561,0.326439581655063,0.529306738740794,1254.32470703125,534.664831758549,0.870983934515425
"MG21225030","Anjoma Itsara","Isandra","Haute Matsiatra",0.42946642098492,0.343822395761037,0.523979888210095,1244.00280761719,534.257433482546,0.871299027955506
"MG31307151","Ilaka Est","Vatomandry","Atsinanana",0.354453860961678,0.245172193228705,0.481265808433326,1506.03833007812,533.821100852469,0.871613864056071
"MG22203030","Ambositra II","Ambositra","Amoron I Mania",0.557777019771807,0.461879863900195,0.643801406039498,955.156677246094,532.764444849468,0.871928076963856
"MG42410330","Ambohisoa","Mandritsara","Sofia",0.249291830392652,0.160549080566451,0.365052905397975,2134.59887695312,532.138061189743,0.872241920444153
"MG54511110","Itondy","Miandrivazo","Menabe",0.226621673151484,0.141989379275339,0.321808310240817,2344.3505859375,531.280652238817,0.872555258243257
"MG32305090","Ambatoharanana","Fenerive Est","Analanjirofo",0.410390974770226,0.31682070151929,0.50814544618513,1294.43981933594,531.226419238671,0.872868564056914
"MG31308090","Masomeloka","Mahanoro","Atsinanana",0.356713708934599,0.250198563792277,0.47273968472945,1487.30139160156,530.540795701784,0.873181465504688
"MG44421150","Antsondrodava","Maintirano","Melaky",0.256554564278728,0.158032645399431,0.371452438458418,2066.23950195312,530.10317511908,0.87349410885334
"MG51505030a","Ankeriky","Ankazoabo","Atsimo Andrefana",0.329289891000725,0.226553667597872,0.453317339382601,1608.68310546875,529.723084454512,0.873806528032767
"MG43416051","Betaimboay","Kandreho","Betsiboka",0.294169206651861,0.218645583482131,0.386070572721093,1800.45837402344,529.639411496173,0.874118897863698
"MG42414190","Marotolana","Bealanana","Sofia",0.300772392636546,0.198845352219235,0.422976989264457,1760.91430664062,529.634409236225,0.874431264744405
"MG54510050","Tsaraotana","Belo Sur Tsiribihina","Menabe",0.232254101705262,0.147758706523959,0.320137453919948,2278.15502929688,529.110849874671,0.874743322841163
"MG31307152","Niarovana Caroline","Vatomandry","Atsinanana",0.354673071308033,0.249139500771893,0.482601984272982,1489.77307128906,528.382390746092,0.875054951308535
"MG33316072","Maitsokely","Andilamena","Alaotra Mangoro",0.370107088524767,0.262598753024766,0.475715403203527,1425.04895019531,527.420717962063,0.875366012602169
"MG72711510","Antsahavaribe","Sambava","Sava",0.354937558747034,0.259931629831503,0.470901303853918,1485.12182617188,527.125515423382,0.875676899791752
"MG54509052","Befotaka","Mahabo","Menabe",0.311945364422755,0.208843589363787,0.406533122739937,1681.39526367188,524.503458264818,0.875986240548925
"MG72712210","Ambalamanasy II","Andapa","Sava",0.343196669519478,0.223087256199057,0.485525837802817,1525.08410644531,523.40378606912,0.876294932743302
"MG33314291","Mandialaza","Moramanga","Alaotra Mangoro",0.451248449691056,0.355829210755212,0.541843475294797,1155.97497558594,521.63191561481,0.876602579926937
"MG11115071a","Anjoma Faliarivo","Andramasina","Analamanga",0.55979298063245,0.456255541782608,0.658586413094323,931.34375,521.359693805903,0.876910066560057
"MG13105213","Alakamisikely","Arivonimamo","Itasy",0.616512240343863,0.520464703203927,0.707781891795788,844.705017089844,520.770982515761,0.877217205984034
"MG31310150","Ambodilazana","Toamasina II","Atsinanana",0.42765970842794,0.325057772997803,0.533997454501967,1215.51171875,519.82538723137,0.877523787716433
"MG42409112","Ambodisakoana","Port-Berge (Boriziny-Vaovao)","Sofia",0.223668904478674,0.1447166460283,0.32056176684563,2320.01586914062,518.915407823822,0.877829832762725
"MG22203450","Sahatsiho Ambohimanjaka","Ambositra","Amoron I Mania",0.543198301368546,0.432590967952996,0.656368765370956,955.01025390625,518.759947711419,0.878135786122017
"MG25213570","Vohilengo","Farafangana","Atsimo Atsinanana",0.45424823268938,0.366248631340017,0.540028288837403,1139.31384277344,517.53129955838,0.878441014851292
"MG32303111","Anjahana","Maroantsetra","Analanjirofo",0.312165193317135,0.208052334566668,0.442840729297999,1656.31701660156,517.044521681886,0.878745956489539
"MG51520132","Anakao","Toliary-II","Atsimo Andrefana",0.312426035101529,0.197815856860557,0.458129194983836,1654.74694824219,516.986028135662,0.879050863629561
"MG23209270","Mahavoky Nord","Mananjary","Vatovavy",0.435358978801911,0.321233248590895,0.548534389063235,1186.85827636719,516.709407181815,0.879355607624548
"MG13105190","Ambatomanga","Arivonimamo","Itasy",0.537620042776721,0.454637704364362,0.619782507654075,958.548522949219,515.334897911522,0.879659540963797
"MG21208252","Camp Robin","Ambohimahasoa","Haute Matsiatra",0.490948767604351,0.399433424097203,0.585233091198614,1048.6083984375,514.813000912463,0.879963166499521
"MG13105150","Morarano","Arivonimamo","Itasy",0.53357182524437,0.449618428929621,0.618527403843201,964.791687011719,514.785661419437,0.880266775911006
"MG54511210","Ankondromena","Miandrivazo","Menabe",0.283142619375036,0.186508820359751,0.392535509432004,1816.15832519531,514.231825395579,0.880570058682023
"MG72711330","Andrahanjo","Sambava","Sava",0.377391823649985,0.262865591245503,0.499696158848783,1362.27600097656,514.111824323154,0.880873270679012
"MG42409070a","Andranomena I","Port-Berge (Boriziny-Vaovao)","Sofia",0.281075563291359,0.188114485863047,0.390939370975704,1826.94482421875,513.509545569517,0.881176127465062
"MG32315030","Maromitety","Vavatenina","Analanjirofo",0.411932712837493,0.311877272812524,0.50227989413964,1245.85986328125,513.210433296794,0.881478807841185
"MG32303090a","Mariharano","Maroantsetra","Analanjirofo",0.306950806158193,0.196146492082287,0.435626380454795,1671.2236328125,512.983441362421,0.88178135434239
"MG12110090","Ambatondrakalavao","Ambatolampy","Vakinankaratra",0.561587616933999,0.467147477589853,0.657077376177937,912.267822265625,512.318312311722,0.882083508564917
"MG53515114","Analapatsy","Taolagnaro","Anosy",0.471192070892525,0.362406840177188,0.574133336059246,1085.60437011719,511.528171325493,0.882385196779436
"MG44420050","Masoarivo","Antsalova","Melaky",0.209427398305028,0.13527076056293,0.305688657559307,2428.89501953125,508.67716469647,0.882685203532118
"MG23210172","Anorombato","Manakara Atsimo","Fitovinany",0.414820286061945,0.309988012842761,0.519073507855992,1225.98132324219,508.561923213926,0.882985142317873
"MG51520170","Ankilimalinike","Toliary-II","Atsimo Andrefana",0.284441385931267,0.178628455463649,0.405969581392521,1786.70153808594,508.211861738691,0.883284874644967
"MG72716190","Andravory","Vohemar","Sava",0.334691696398887,0.225066555079467,0.45984706094761,1516.28112792969,507.486702924405,0.88358417928913
"MG31307210","Ifasina I","Vatomandry","Atsinanana",0.406041743659599,0.292323958654628,0.533222275478503,1245.91064453125,505.891730549523,0.883882543253199
"MG13113110","Antanetibe","Soavinandriana","Itasy",0.470817805096088,0.394056750951729,0.55321210572232,1074.40991210938,505.851316592817,0.884180883381994
"MG23209031a","Marofody","Mananjary","Vatovavy",0.411913331103667,0.297869330963886,0.540506631448118,1228.04956054688,505.849985245257,0.884479222725589
"MG54510013","Bemarivo Ankirondro","Belo Sur Tsiribihina","Menabe",0.232904797007157,0.157904087927971,0.325839051769429,2171.8427734375,505.832600278923,0.884777551815908
"MG54510112","Ambiky","Belo Sur Tsiribihina","Menabe",0.22160885102055,0.143457099806056,0.326831463086407,2280.80541992188,505.446668510329,0.885075653292045
"MG21205150","Besoa","Ambalavao","Haute Matsiatra",0.416806028639622,0.323773885782439,0.518956156591535,1212.51831054688,505.384941671867,0.885373718363032
"MG42423073","Betaramahamay","Mampikony","Sofia",0.323287904313429,0.227431866792763,0.432032205275555,1562.79638671875,505.233168730903,0.885671693921633
"MG43408050","Tsararova","Tsaratanana","Betsiboka",0.365477698513189,0.25840063169836,0.481895906871462,1375.787109375,502.819506378488,0.885968245954558
"MG42410090","Kalandy","Mandritsara","Sofia",0.246630696408026,0.166690211857969,0.352519456604712,2035.41381835938,501.995527500491,0.886264312022622
"MG32304031","Antanambaobe","Mananara-Avaratra","Analanjirofo",0.357676206125142,0.25191352963378,0.46179136487085,1403.20239257812,501.892108203066,0.886560317096229
"MG44421030","Mafaijijo","Maintirano","Melaky",0.250361021858324,0.162666125844686,0.350790040783954,2002.73034667969,501.405616101403,0.886856035247353
"MG42413010","Antsohihy","Antsohihy","Sofia",0.243454407350712,0.145305282551729,0.373978915531393,2057.01928710938,500.790411452197,0.887151390564124
"MG72712230","Ambodiangezoka","Andapa","Sava",0.311657155197851,0.212072650244114,0.442705735916601,1606.60290527344,500.709290990122,0.887446698037808
"MG44421210","Antsaidoha Bebao","Maintirano","Melaky",0.243173702412534,0.149993350947509,0.35151444169044,2056.43212890625,500.070214546222,0.887741628598074
"MG54511150","Soaloka","Miandrivazo","Menabe",0.31038452863382,0.217062759123932,0.421084282071275,1607.05310058594,498.804419114885,0.888035812619665
"MG23212130a","Amborobe","Vohipeno","Fitovinany",0.452222555373332,0.342507066814769,0.562123783901024,1102.69836425781,498.665072090662,0.888329914457405
"MG25214111a","Fonilaza","Vangaindrano","Atsimo Atsinanana",0.516850560176939,0.422794685959367,0.616801897437298,963.770324707031,498.125232206739,0.888623697909296
"MG42412130","Antsakanalabe","Befandriana Nord","Sofia",0.209762472284648,0.131685268636446,0.30299554176871,2374.61669921875,498.105469556535,0.888917469705605
"MG32303052","Antakotako","Maroantsetra","Analanjirofo",0.298402164788235,0.192139485499763,0.41845242517484,1665.99829101562,497.137496572562,0.889210670612455
"MG32318012","Fotsialanana","Soanierana Ivongo","Analanjirofo",0.43228687546881,0.329025640374737,0.543293500407295,1147.50537109375,496.051511453794,0.889503231028849
"MG41415091","Mahajamba Usine","Mahajanga II","Boeny",0.262073299567621,0.175186315568831,0.36425113618253,1891.3486328125,495.671976833881,0.889795567603961
"MG42412050","Ambodimotso Sud","Befandriana Nord","Sofia",0.215643142798485,0.139217245304869,0.315122921270486,2298.02905273438,495.554207173865,0.890087834721083
"MG13105190a","Talata Tsimadilo","Arivonimamo","Itasy",0.516282937293893,0.429771366758483,0.595666573749352,958.350524902344,494.780023953726,0.890379645241742
"MG71717232","Anaborano Ifasy","Ambilobe","Diana",0.253911498629317,0.153776730496588,0.373743169344932,1947.92761230469,494.60121926171,0.890671350307275
"MG51520290","Milenaka","Toliary-II","Atsimo Andrefana",0.27188829121434,0.169036415236641,0.396003754979084,1812.89855957031,492.905891506511,0.890962055505289
"MG53515192","Emagnobo","Taolagnaro","Anosy",0.497659598175877,0.374017624013806,0.61672128946682,987.698486328125,491.537631824977,0.891251953733436
"MG25217090","Ambohimana","Vondrozo","Atsimo Atsinanana",0.402656690811491,0.309096287209792,0.497153359971837,1219.84729003906,491.179673102494,0.891541640845297
"MG42423090","Komajia","Mampikony","Sofia",0.344075817942755,0.231883294086398,0.461495670751009,1424.25439453125,490.051495756903,0.891830662582642
"MG32318011a","Ambinanisakana","Soanierana Ivongo","Analanjirofo",0.414488764700565,0.307493368539473,0.526514369656439,1180.76916503906,489.415552613558,0.892119309254523
"MG14119052","Tsinjoarivo 22","Fenoarivobe","Bongolava",0.363432954398745,0.263077349017083,0.461932075215185,1346.13720703125,489.230622177442,0.892407846858445
"MG21219070","Ambatomainty","Ikalamavony","Haute Matsiatra",0.378170284794547,0.280647408866991,0.484992206754687,1291.95288085938,488.578188895725,0.892695999671377
"MG25213050a","Vohilavan'i Manampatra","Farafangana","Atsimo Atsinanana",0.45903345234538,0.369351887142112,0.544482601326689,1063.56311035156,488.211046331868,0.892983935951592
"MG22223070","Ambohimilanja","Manandriana","Amoron I Mania",0.514511823604491,0.410288573022697,0.599276414116542,947.870544433594,487.69060235751,0.893271565285245
"MG43404070","Mahazoma","Maevatanana","Betsiboka",0.259936965083521,0.179124764066363,0.360476597452165,1875.7939453125,487.588185266576,0.893559134215521
"MG11103252","Antsahafilo","Ambohidratrimo","Analamanga",0.518513361838957,0.396491882784248,0.626050136158976,938.931396484375,486.84847492726,0.893846266880692
"MG23210292","Vinanitelo","Manakara Atsimo","Fitovinany",0.420935737706974,0.315486439222746,0.52286207344113,1155.37707519531,486.339501477065,0.894133099364367
"MG23209210","Andranambolava","Mananjary","Vatovavy",0.435326858267712,0.320564900926271,0.550222583094467,1116.29699707031,485.954064628301,0.894419704525753
"MG44402011","Besalampy","Besalampy","Melaky",0.215504243761498,0.138673606502727,0.316405539410726,2251.92895507812,485.300246468731,0.894705924079377
"MG51507270","Beroy Atsimo","Ampanihy Ouest","Atsimo Andrefana",0.314826541812155,0.232416680067972,0.400890631580034,1531.3349609375,482.104890108004,0.894990259081164
"MG72711170","Morafeno","Sambava","Sava",0.348016322368216,0.244205520377172,0.462047656270302,1377.79345703125,479.494611899006,0.895273054597511
"MG21220350a","Ampatsy Ampangabe","Lalangina","Haute Matsiatra",0.485059740443913,0.390862627947535,0.589409219472621,984.390686035156,477.488290663618,0.895554666829132
"MG22204050","Sahamadio Fisakana","Fandriana","Amoron I Mania",0.546778947334427,0.446862436146523,0.642946306011471,872.780700683594,477.218112773579,0.895836119715698
"MG51507130","Ankilimivory","Ampanihy Ouest","Atsimo Andrefana",0.306028896303823,0.230850544067422,0.380382558768421,1557.20874023438,476.550872088592,0.896117179078188
"MG33312132","Andilana Nord","Amparafaravola","Alaotra Mangoro",0.314594734689943,0.196482426977689,0.443926526780534,1511.84631347656,475.618889880127,0.896397688777796
"MG53515132","Iaboakoho","Taolagnaro","Anosy",0.505133992165477,0.359328469578526,0.645064932435828,940.561218261719,475.109443056567,0.896677898016724
"MG12110230","Antanimasaka","Ambatolampy","Vakinankaratra",0.590614183202835,0.497633546277311,0.673603538501759,804.129760742188,474.930441829838,0.896958001684613
"MG71717110","Ambatoben'anjavy","Ambilobe","Diana",0.249455224803241,0.166679663063088,0.35054188855731,1903.64501953125,474.874196292738,0.897238072180104
"MG72711130","Ambodivoara","Sambava","Sava",0.356752834229424,0.257381680352442,0.472824368944302,1330.12670898438,474.526473314432,0.897517937596129
"MG11104072","Marondry","Ankazobe","Analamanga",0.507794109924424,0.411227743159844,0.606272788411627,930.428649902344,472.466188125344,0.897796587900661
"MG22202130","Amborompotsy","Ambatofinandrahana","Amoron I Mania",0.363971997608954,0.263853052503162,0.476390190305965,1296.83959960938,472.01329964822,0.898074971101398
"MG31306270","Ambohimanana","Brickaville","Atsinanana",0.32229688884498,0.191222791012394,0.474584139226165,1463.76672363281,471.767461021665,0.898353209311847
"MG33316071","Miarinarivo","Andilamena","Alaotra Mangoro",0.406564574277619,0.302315962570519,0.510981969800992,1157.12866210938,470.447521894929,0.898630669050844
"MG12109290","Inanantonana","Betafo","Vakinankaratra",0.408514292458476,0.303417190472485,0.516961219017285,1151.03247070312,470.213215366019,0.898907990600936
"MG21205170","Mahazony","Ambalavao","Haute Matsiatra",0.454415634680478,0.363445519465599,0.543703826040191,1028.91528320312,467.555191449191,0.899183744506204
"MG32318110","Manompana","Soanierana Ivongo","Analanjirofo",0.347936312522815,0.24910231450257,0.461991562919261,1343.33483886719,467.39497031888,0.899459403916527
"MG54511011a","Andranomainty","Miandrivazo","Menabe",0.261674341567213,0.169409994786488,0.35571529102277,1785.97729492188,467.344432702674,0.89973503352086
"MG53515033","Soanierana","Taolagnaro","Anosy",0.511614622730334,0.394889031248589,0.625402435260024,912.895812988281,467.050846954101,0.90001048997469
"MG23207173","Angodongodona","Nosy-Varika","Vatovavy",0.501976115830932,0.397709401624921,0.600966415304177,929.883666992188,466.779391331362,0.900285786329885
"MG23206170","Fasintsara","Ifanadiana","Vatovavy",0.508077509163055,0.399895378249635,0.608078196928218,917.677429199219,466.251262442695,0.900560771206123
"MG11106090","Alarobia","Manjakandriana","Analamanga",0.521333987859274,0.432057439841068,0.612910513385375,893.126770019531,465.617340678155,0.90083538220906
"MG14119031a","Mangatany","Fenoarivobe","Bongolava",0.464856278272085,0.368812306354712,0.564192616610798,999.42919921875,464.590937945278,0.901109387861941
"MG13112170","Zoma Bealoka","Miarinarivo","Itasy",0.525230074856057,0.434195739526016,0.611743320485549,884.4716796875,464.551126530328,0.901383370034913
"MG31310091","Ampasimadinika Manambolo","Toamasina II","Atsinanana",0.39550464077616,0.283262717763694,0.514796030110309,1174.34655761719,464.459513417106,0.901657298176458
"MG31310192","Amporoforo","Toamasina II","Atsinanana",0.366216193108162,0.250076070420053,0.493021842649671,1266.70520019531,463.887956205839,0.901930889225965
"MG22223090","Ambohipo","Manandriana","Amoron I Mania",0.47492596413443,0.379302253872388,0.576411091239983,976.719177246094,463.869296942188,0.902204469270642
"MG32304151","Vanono","Mananara-Avaratra","Analanjirofo",0.322954911560561,0.219345233552903,0.435955987161854,1434.90539550781,463.409745103998,0.902477778281618
"MG11107270","Amboasary Nord","Anjozorobe","Analamanga",0.462116448563186,0.356012154629855,0.572170521066677,1002.33111572266,463.19369548213,0.902750959871216
"MG51520192","Manorofify","Toliary-II","Atsimo Andrefana",0.288259131755803,0.182952950624639,0.42607021238908,1600.32507324219,461.308316139835,0.903023029504994
"MG52518091","Ambatosola","Bekily","Androy",0.385783350612482,0.297425365891582,0.477577569623172,1195.51953125,461.211530488288,0.903295042056694
"MG31306070a","Antsapanana","Brickaville","Atsinanana",0.366958348482408,0.258583725582137,0.478190244495686,1256.7421875,461.172037593169,0.903567031316342
"MG51521032","Ambalavato","Benenitra","Atsimo Andrefana",0.352226739728609,0.255562890485742,0.462087141840875,1307.05212402344,460.378708300129,0.90383855268759
"MG51507070","Ankilizato","Ampanihy Ouest","Atsimo Andrefana",0.283919521077081,0.199362843053198,0.379825167031373,1619.91931152344,459.926715111249,0.904109807483063
"MG11104030","Talata Angavo","Ankazobe","Analamanga",0.48253633525033,0.35364999151007,0.607443933222657,952.216857910156,459.479232979551,0.904380798363286
"MG33312013","Ambohimandroso","Amparafaravola","Alaotra Mangoro",0.417787013136467,0.322772212586144,0.518974482705783,1099.17260742188,459.220040576207,0.904651636377455
"MG31308012","Betsizaraina","Mahanoro","Atsinanana",0.34454397327059,0.241691170561134,0.4620253976155,1331.69396972656,458.827131510075,0.904922242662383
"MG24221010a","Volambita","Iakora","Ihorombe",0.440589372926761,0.331557992467038,0.549516453291056,1039.35961914062,457.930802842565,0.905192320312115
"MG11107350","Marotsipoy","Anjozorobe","Analamanga",0.438897824580349,0.331078171165989,0.551174865036456,1040.78759765625,456.799412461536,0.905461730692353
"MG14111210","Ambararatabe","Tsiroanomandidy","Bongolava",0.353184690734124,0.28119915476243,0.433225237221679,1291.40075683594,456.102976916914,0.90573073033002
"MG11117370","Ampahitrosy","Antananarivo Atsimondrano","Analamanga",0.529302642276445,0.4335399593519,0.619058050810822,861.041320800781,455.751446209054,0.905999522642505
"MG12109110","Tritriva","Betafo","Vakinankaratra",0.505438722821578,0.411082732658797,0.607153374080525,897.868713378906,453.817615751688,0.906267174423753
"MG32315091","Anjahambe","Vavatenina","Analanjirofo",0.432364949951478,0.330409848900234,0.540101524088015,1048.07385253906,453.150398798504,0.906534432694921
"MG72716270","Amboriala","Vohemar","Sava",0.342780108656175,0.22905999226547,0.468829126462207,1321.6552734375,453.037138234913,0.906801624167467
"MG24216031","Ankily","Ihosy","Ihorombe",0.341891186759582,0.25562385133682,0.436503689381964,1324.25061035156,452.749612740196,0.907068646063716
"MG31307190a","Ambodivononoka Ranganana","Vatomandry","Atsinanana",0.38773912790688,0.275988020741179,0.509360664113131,1165.52331542969,451.918993879843,0.907335178078987
"MG33314292","Antaniditra","Moramanga","Alaotra Mangoro",0.451090403659113,0.35651695872082,0.549191648953305,1001.10144042969,451.587252867147,0.907601514440608
"MG22223050","Anjoma Nandihizana","Manandriana","Amoron I Mania",0.500575387085039,0.414204028686224,0.582336959620775,901.576538085938,451.307024539157,0.907867685529642
"MG11104190","Antakavana","Ankazobe","Analamanga",0.432876584564206,0.319369296560299,0.543954435189239,1040.60021972656,450.451469011996,0.908133352030593
"MG23211092a","Andefampony","Ikongo","Fitovinany",0.455505276967769,0.342887185166544,0.555769053774913,986.450744628906,449.333519647252,0.90839835918927
"MG72711430","Maroambihy","Sambava","Sava",0.344727640387574,0.241787789565432,0.478465924626367,1302.59582519531,449.040785198285,0.908663193699522
"MG14111190","Anosy","Tsiroanomandidy","Bongolava",0.386812118941217,0.301684008807547,0.473206028273321,1160.62561035156,448.944051637531,0.908927971158419
"MG72712290","Anoviara","Andapa","Sava",0.232724906655835,0.146731821982567,0.359525867923168,1925.30151367188,448.065615053625,0.909192230534482
"MG11106110","Mantasoa","Manjakandriana","Analamanga",0.469123872057047,0.356044533190115,0.577265058368099,953.793334960938,447.447222439079,0.909456125196002
"MG54502110","Andranopasy","Manja","Menabe",0.373421939691158,0.261006574396372,0.482375575975591,1197.66223144531,447.233353561149,0.909719893722298
"MG11103090","Iarinarivo","Ambohidratrimo","Analamanga",0.456136612313129,0.353362577642073,0.560528862759135,980.39697265625,447.194953829469,0.909983639601266
"MG12118090","Vinaninkarena","Antsirabe II","Vakinankaratra",0.520153496162991,0.423102165766379,0.623261622011634,859.710510253906,447.181427596638,0.910247377502755
"MG11115170","Anosibe Trimoloharano","Andramasina","Analamanga",0.516698239522824,0.407939338784851,0.616675789629676,864.186157226562,446.523466058959,0.910510727352808
"MG43408210","Sakoamadinika","Tsaratanana","Betsiboka",0.385450110333185,0.274432914913131,0.505754411530432,1155.27478027344,445.300791521543,0.910773356095953
"MG71717030","Mantaly","Ambilobe","Diana",0.222650278839534,0.150048545820948,0.320349565799169,1997.30603027344,444.700744568264,0.911035630944426
"MG44402072","Ambolodia Sud","Besalampy","Melaky",0.2615177415355,0.158141919457378,0.404382310080731,1700.09252929688,444.604358663094,0.911297848946585
"MG21205190","Ambinanindovoka","Ambalavao","Haute Matsiatra",0.469136101300438,0.373506911138495,0.557043205891971,947.439025878906,444.477850820715,0.911559992337163
"MG11106230","Ambohitrandriamanitra","Manjakandriana","Analamanga",0.536248170000806,0.437002217931789,0.63221468731046,822.773559570312,441.21081564463,0.911820208901295
"MG13113131","Amparaky","Soavinandriana","Itasy",0.38437896500515,0.302475805570811,0.469863290622086,1146.72436523438,440.776724654977,0.912080169447981
"MG25213472","Namohora Iaborano","Farafangana","Atsimo Atsinanana",0.452602645935809,0.355102464836112,0.543425694197911,971.447387695312,439.679658058328,0.912339482968596
"MG23211092","Ambohimisafy","Ikongo","Fitovinany",0.459578091474687,0.349893014777761,0.572931975280476,956.629821777344,439.646107740201,0.912598776701961
"MG25214070","Soamanova","Vangaindrano","Atsimo Atsinanana",0.519632700095303,0.426131537269266,0.614107184088827,844.55419921875,438.857978916866,0.912857605614051
"MG42413090","Ambodimandresy","Antsohihy","Sofia",0.233829618688203,0.140305725617245,0.363028716757571,1867.08972167969,436.580877677024,0.913115091541245
"MG23212070","Mahabo","Vohipeno","Fitovinany",0.432909278068149,0.326432222233162,0.539094849512766,1008.3681640625,436.531933931202,0.91337254860248
"MG31309110","Ambatofisaka II","Marolambo","Atsinanana",0.455665441355837,0.333839865569285,0.577672496366062,955.875183105469,435.559287190845,0.913629432017776
"MG14119010a","Andriampotsy","Fenoarivobe","Bongolava",0.402847290188279,0.309483142719041,0.498915547988816,1076.41735839844,433.631815942436,0.913885178652359
"MG53517331","Andriandampy","Betroka","Anosy",0.351406929797054,0.264815698627236,0.441651765249071,1232.591796875,433.141299032878,0.914140635990713
"MG12118190","Mangarano","Antsirabe II","Vakinankaratra",0.524763088968902,0.430779107682116,0.622280935453252,823.563415527344,432.175681893909,0.914395523829034
"MG31310250","Fito","Toamasina II","Atsinanana",0.449756430906854,0.333868550024169,0.551374088551346,959.748168945312,431.652911034232,0.914650103348447
"MG11107350a","Andranomisa","Anjozorobe","Analamanga",0.455971416071191,0.343279063627898,0.585861449691972,946.613952636719,431.628904456512,0.914904668709301
"MG44420030","Soahany","Antsalova","Melaky",0.23962196219635,0.14884644210192,0.342528347780374,1795.97497558594,430.355047705445,0.915158482777088
"MG14111051","Ambatolampy","Tsiroanomandidy","Bongolava",0.364788563587845,0.289888406441586,0.449435062240183,1177.94213867188,429.699820755708,0.91541191040624
"MG11104071","Antotohazo","Ankazobe","Analamanga",0.526303240666351,0.423488202486909,0.625949277367334,815.126708984375,429.003828492175,0.915664927554258
"MG32303131","Voloina","Maroantsetra","Analanjirofo",0.34344064023748,0.22587400042346,0.466510443433616,1247.59875488281,428.476115136436,0.915917633468392
"MG53515072","Sarisambo","Taolagnaro","Anosy",0.465790980665571,0.352161308202403,0.571713025616845,919.390930175781,428.244002981609,0.916170202487814
"MG51521031a","Benonoky","Benenitra","Atsimo Andrefana",0.349437442794645,0.254432288709027,0.454281293612863,1223.63610839844,427.584272629941,0.916422382412591
"MG13105110","Morafeno","Arivonimamo","Itasy",0.570077273914122,0.485857298965576,0.650947915945911,747.31298828125,426.026151119991,0.916673643391116
"MG51506210","Soamanonga","Betioky Atsimo","Atsimo Andrefana",0.337815636692769,0.243926504358271,0.432522711335326,1255.13000488281,424.002541731686,0.916923710888738
"MG11107230","Ambatomanoina","Anjozorobe","Analamanga",0.471356997452603,0.358719770775775,0.593588366778503,898.001037597656,423.279072791353,0.91717335170008
"MG42410211","Ambalakirajy","Mandritsara","Sofia",0.21807304580325,0.1389502126032,0.312847788628243,1940.20043945312,423.105419300347,0.917422890094362
"MG12114171a","Anjamanga","Antanifotsy","Vakinankaratra",0.610871498215781,0.515047711997616,0.701570552653404,692.056884765625,422.757826047323,0.917672223485686
"MG23210032","Mangatsiotra","Manakara Atsimo","Fitovinany",0.436806144556782,0.325461501184744,0.544165073851909,967.019165039062,422.399913193231,0.917921345787776
"MG32303070","Ankofa","Maroantsetra","Analanjirofo",0.304646469724384,0.192501544234052,0.447894795493236,1386.20446777344,422.302297423347,0.918170410518204
"MG23209350","Vatohandrina","Mananjary","Vatovavy",0.431324278956682,0.329131793422289,0.534828325911712,978.662170410156,422.120754994342,0.918419368178846
"MG43404150","Maria","Maevatanana","Betsiboka",0.275648011011875,0.180647616583227,0.38999945403904,1531.09484863281,422.043249696162,0.918668280128546
"MG31306030","Vohitranivona","Brickaville","Atsinanana",0.356529347098559,0.239640877018188,0.468321085560152,1181.07019042969,421.086183871467,0.918916627621592
"MG42414211","Ambodiadabo M","Bealanana","Sofia",0.292728370398019,0.201312815358089,0.405469410156926,1435.67395019531,420.26249586356,0.919164489321326
"MG11104170","Ambolotarakely","Ankazobe","Analamanga",0.492881709331956,0.383051568458326,0.601115086801222,851.618041992188,419.746956235043,0.919412046966976
"MG42411011","Analalava","Analalava","Sofia",0.257956999639531,0.158955420972786,0.378161091710002,1610.83093261719,415.525114304477,0.919657114661875
"MG11107099","Ambongamarina","Anjozorobe","Analamanga",0.493211591895802,0.395497079188227,0.590272736762128,841.5576171875,415.065972045085,0.919901911564633
"MG23207113","Ambakobe","Nosy-Varika","Vatovavy",0.472925290572763,0.359333215084572,0.595329255625835,876.914306640625,414.71495327543,0.920146501444139
"MG42414171a","Ambohimisondrotra","Bealanana","Sofia",0.265477486227729,0.168647994019482,0.387189951377748,1559.21887207031,413.937506636062,0.920390632802489
"MG14111052","Maritampona","Tsiroanomandidy","Bongolava",0.349207054544861,0.269830042617809,0.442887727226458,1183.88415527344,413.420698785368,0.920634459358783
"MG23206052","Kelilalina","Ifanadiana","Vatovavy",0.455277275895553,0.348538708287122,0.564340649415909,907.497436523438,413.162960782588,0.920878133906797
"MG44421090","Andrea","Maintirano","Melaky",0.251676536546148,0.163893263203568,0.350699206765017,1640.10131835938,412.775019389458,0.921121579655397
"MG13105270","Ambohimasina","Arivonimamo","Itasy",0.548841877308305,0.45954668501732,0.635270134743416,751.490173339844,412.449277514583,0.921364833288507
"MG72716330","Ampisikinana","Vohemar","Sava",0.294150039486039,0.17634476026677,0.428852014294671,1401.31994628906,412.198317533501,0.921607938910867
"MG41415071","Bekobay","Mahajanga II","Boeny",0.32622972712602,0.230959283038047,0.438874655167972,1261.76794433594,411.626212177072,0.921850707117903
"MG13113150","Ankaranana","Soavinandriana","Itasy",0.394687138402035,0.30945948164979,0.489065134216519,1042.71215820312,411.545077898202,0.922093427473703
"MG44422010","Morafenobe","Morafenobe","Melaky",0.263645268134023,0.173035348045803,0.36642377090537,1560.71105957031,411.47408578015,0.922336105959891
"MG42414171","Ambodisikidy","Bealanana","Sofia",0.264735841417103,0.175394353715059,0.380055883128463,1545.36474609375,409.113436353457,0.922577392186278
"MG51507090","Maniry","Ampanihy Ouest","Atsimo Andrefana",0.294015925770007,0.222679400451272,0.371741026327318,1391.11572265625,409.010177049989,0.922818617512568
"MG25217150","Mahavelo","Vondrozo","Atsimo Atsinanana",0.386355548888296,0.292385856265084,0.477866896938362,1057.7734375,408.676637044772,0.923059646124201
"MG71717130","Antsaravibe","Ambilobe","Diana",0.219593124922777,0.147330489508432,0.302254069623716,1852.48974609375,406.794012232129,0.923299564404576
"MG22203492","Ambohimitombo II","Ambositra","Amoron I Mania",0.59498534580157,0.507001042699308,0.687325574964641,681.868835449219,405.701964851067,0.923538838619105
"MG72716290","Maromokotra Loky","Vohemar","Sava",0.279811220267948,0.179145252696174,0.391385972603719,1447.08740234375,404.91129188418,0.923777646511876
"MG24216050","Irina","Ihosy","Ihorombe",0.343930363402418,0.2552185707303,0.435777884471162,1175.96411132812,404.449764157284,0.92401618220561
"MG71719190","Antafiambotry","Ambanja","Diana",0.349497052879755,0.23861236683893,0.475986648218743,1156.46655273438,404.181651934674,0.924254559772573
"MG25217111","Karianga","Vondrozo","Atsimo Atsinanana",0.397633236630014,0.295449280537196,0.496513572566715,1016.22088623047,404.083200122843,0.924492879274795
"MG14119072","Ambatomainty Atsimo","Fenoarivobe","Bongolava",0.334071666048621,0.230532842152423,0.431621946729002,1199.78381347656,400.813777466283,0.924729270542485
"MG44417011","Ambatomainty","Ambatomainty","Melaky",0.256332926428072,0.177973170518148,0.351549270740981,1562.44592285156,400.506335790151,0.924965480487746
"MG21225210","Iavonomby Vohibola","Isandra","Haute Matsiatra",0.448433637572536,0.366542055447624,0.544237317009999,891.971313476562,399.989940712648,0.925201385874397
"MG11106371","Ambohitrolomahitsy","Manjakandriana","Analamanga",0.492101004457012,0.387193493457612,0.588755251805982,811.00244140625,399.095116033104,0.925436763512871
"MG54510011a","Delta","Belo Sur Tsiribihina","Menabe",0.252129514354472,0.164952914724139,0.358416670340083,1581.806640625,398.82014010346,0.925671978976509
"MG32303155","Anandrivola","Maroantsetra","Analanjirofo",0.319387637477624,0.200584851201907,0.450505229510864,1245.349609375,397.749269571963,0.925906562863947
"MG42410231","Antsatramidola","Mandritsara","Sofia",0.270227699763905,0.186218230251111,0.379228296029163,1469.56628417969,397.117516624466,0.926140774157207
"MG24216010","Ihosy","Ihosy","Ihorombe",0.339088018215858,0.23658484682306,0.455390953620141,1169.56689453125,396.586120437477,0.926374672044528
"MG41403010","Soalala","Soalala","Boeny",0.255413746772474,0.15971721687733,0.380429138527044,1552.64440917969,396.566725953918,0.926608558493403
"MG33313032","Ambatondrazaka Suburbaine","Ambatondrazaka","Alaotra Mangoro",0.462934795014706,0.371115338207662,0.568574893711586,854.06689453125,395.377282748671,0.926841743434489
"MG25213110","Ivandrika","Farafangana","Atsimo Atsinanana",0.478292621009126,0.393908250400483,0.565819037229097,825.695434570312,394.924033555904,0.927074661059036
"MG14111130","Miandrarivo","Tsiroanomandidy","Bongolava",0.349956942749204,0.276598792853791,0.442017995087832,1128.12646484375,394.795688671186,0.927307502988557
"MG31310230","Andranobolaha","Toamasina II","Atsinanana",0.425485812171652,0.322638621958227,0.533478480124874,927.272399902344,394.541250176805,0.927540194855774
"MG72712010","Andapa","Andapa","Sava",0.272101780552384,0.176797073073594,0.396368931399003,1449.23010253906,394.338091330993,0.927772766904314
"MG72710010","Antalaha Ambonivohitra","Antalaha","Sava",0.276218651853943,0.176757486073592,0.386368241532377,1427.28588867188,394.242983979102,0.928005282860601
"MG23209050","Mahatsara Sud","Mananjary","Vatovavy",0.418181303965778,0.297986707659842,0.543538918987027,942.521911621094,394.145042018027,0.928237741052845
"MG23210233","Ambalaroka","Manakara Atsimo","Fitovinany",0.403332776230246,0.305247787621155,0.506246386357464,975.577453613281,393.482362793479,0.928469808411263
"MG33313151","Andilanatoby","Ambatondrazaka","Alaotra Mangoro",0.452391315539756,0.348716861942765,0.551752555294344,864.278198242188,390.991951095113,0.928700406978908
"MG31309131","Androrangavola","Marolambo","Atsinanana",0.445091284082972,0.323716781491954,0.572902733917876,877.713195800781,390.662493375538,0.928930811239539
"MG31310212","Ampisokina","Toamasina II","Atsinanana",0.366198170887117,0.259270379285663,0.484247078229898,1066.45190429688,390.532736692598,0.929161138972495
"MG21220012","Andrainjato Est","Lalangina","Haute Matsiatra",0.495487904809269,0.391897858211119,0.601348707686782,787.003295898438,389.950614162706,0.929391123382215
"MG31307091","Antanambao Mahatsara","Vatomandry","Atsinanana",0.402150930825162,0.284110483930737,0.524744339527151,969.303039550781,389.806119607005,0.929621022572182
"MG31308150","Ankazotsifantatra","Mahanoro","Atsinanana",0.369063160906078,0.270135882015862,0.489136838949004,1055.78344726562,389.650776280167,0.929850830144027
"MG25215032a","Maliorano","Midongy-Atsimo","Atsimo Atsinanana",0.478189670341693,0.360770716721026,0.599000524256646,813.710510253906,389.107960651887,0.930080317574993
"MG42411210","Mahadrodroka","Analalava","Sofia",0.274201686356519,0.183833300467684,0.389039945612424,1418.19128417969,388.870441698187,0.930309664922435
"MG72711490","Tanambao Daoud","Sambava","Sava",0.313256564357648,0.204142912131738,0.442222557497671,1241.08544921875,388.778163896533,0.930538957846432
"MG12114090","Andranofito","Antanifotsy","Vakinankaratra",0.614847782704956,0.520273485475529,0.703010376701656,630.945617675781,387.935514035363,0.930767753793828
"MG33312031","Ambatomainty","Amparafaravola","Alaotra Mangoro",0.369405512067298,0.281441053314335,0.477640625108447,1049.24926757812,387.598462975935,0.930996350955824
"MG14119053","Mahajeby","Fenoarivobe","Bongolava",0.304723516842276,0.218596538411482,0.392838426356676,1265.44604492188,385.611169182742,0.931223776055068
"MG42410391","Ambodiadabo","Mandritsara","Sofia",0.340188616069163,0.235390560035541,0.452047800729936,1132.43249511719,385.240643305665,0.93145098262619
"MG42414152","Ambararatabe Nord","Bealanana","Sofia",0.293180277497789,0.183321969827558,0.421644050183656,1313.05847167969,384.962847097874,0.931678025359137
"MG33312033","Andrebakely Sud","Amparafaravola","Alaotra Mangoro",0.419774000004338,0.317133982892722,0.518536704257737,915.7802734375,384.420748505926,0.9319047483741
"MG12110130a","Andriantsivalana","Ambatolampy","Vakinankaratra",0.593602142096764,0.494507563022708,0.679462083646382,644.854919433594,382.787261517417,0.932130507993886
"MG21225010","Isorana","Isandra","Haute Matsiatra",0.430701044899084,0.349133263445094,0.532345291075113,888.685241699219,382.757662186249,0.932356250156628
"MG25214252","Karimbary","Vangaindrano","Atsimo Atsinanana",0.472822996312472,0.364005922356396,0.584822304400923,809.063049316406,382.543615183488,0.932581866079093
"MG31306210","Ambalarondra","Brickaville","Atsinanana",0.406304554772215,0.300205637464444,0.515137493273396,940.86181640625,382.276441417118,0.93280732442827
"MG31311030","Mahela","Antanambao Manampontsy","Atsinanana",0.426242165821007,0.322288865346634,0.552222162838319,895.964172363281,381.897709326151,0.933032559409477
"MG33317031","Ampandroantraka","Anosibe-An'ala","Alaotra Mangoro",0.451972462564116,0.339232447579,0.556911466140064,843.006469726562,381.015710079797,0.93325727420667
"MG54502030a","Beharona","Manja","Menabe",0.363493220554315,0.257456653260343,0.470452036891882,1047.8916015625,380.901493043772,0.933481921641134
"MG32305150a","Ambanjan'i Sahalava","Fenerive Est","Analanjirofo",0.433601458061975,0.329657447730155,0.531218344439992,877.6142578125,380.534821803478,0.933706352820858
"MG42423112a","Agnovolava Nord","Mampikony","Sofia",0.349863420200023,0.234614746454857,0.467706879601773,1087.02380371094,380.309865805147,0.933930651326416
"MG21220111","Mahatsinjony","Lalangina","Haute Matsiatra",0.445373383452695,0.346484003008503,0.546313405929969,852.8974609375,379.857827915947,0.934154683229836
"MG42409031","Ambanjabe","Port-Berge (Boriziny-Vaovao)","Sofia",0.264099415251241,0.176061957619613,0.369204099893121,1437.64379882812,379.680886610081,0.934378610777115
"MG31306130","Fetraomby","Brickaville","Atsinanana",0.358987788866751,0.242936165204446,0.479473073132965,1052.98413085938,378.008444848985,0.934601551954537
"MG24218010a","Antaramena","Ivohibe","Ihorombe",0.393745988958795,0.305521149689998,0.492025139747462,957.056274414062,376.837069258385,0.934823802280056
"MG54502050","Anontsibe Centre","Manja","Menabe",0.404162473839232,0.290148394697127,0.512559364694633,931.466735839844,376.463900255986,0.935045832518596
"MG54509030a","Bezezika","Mahabo","Menabe",0.306776799938048,0.212884480943161,0.409331876648431,1225.70642089844,376.018293466741,0.935267599947922
"MG71713032","Antanamitarana","Antsiranana II","Diana",0.22856247761849,0.137525571050487,0.346319842784808,1638.79895019531,374.567948375221,0.935488511995188
"MG42413030","Ankerika","Antsohihy","Sofia",0.239279318009258,0.150652880532708,0.353446930650525,1563.67663574219,374.155478987401,0.93570918077696
"MG11106011","Manjakandriana","Manjakandriana","Analamanga",0.474004492226112,0.360562608620118,0.584725460464517,788.08740234375,373.556968977745,0.935929496570517
"MG32304152","Andasibe I","Mananara-Avaratra","Analanjirofo",0.324583831829708,0.217897295850214,0.428811447119055,1146.22668457031,372.046649423294,0.936148921610377
"MG31309150","Amboasary","Marolambo","Atsinanana",0.502252661500509,0.396023419119225,0.61820694638132,737.706726074219,370.515166577603,0.93636744341489
"MG21208050","Ankerana","Ambohimahasoa","Haute Matsiatra",0.479279964232232,0.389146448355297,0.577482701626641,772.553466796875,370.269397933893,0.93658582027039
"MG71717090","Ambakirano","Ambilobe","Diana",0.25398153244139,0.17383920797813,0.36318746016751,1450.60815429688,368.427682000297,0.936803110921801
"MG43404111","Tsararano","Maevatanana","Betsiboka",0.26494908343141,0.190779794812133,0.349965969745236,1388.111328125,367.778824087476,0.937020018890896
"MG72716130","Ambalasatrana","Vohemar","Sava",0.344095036645994,0.227309124503112,0.4812105274923,1067.73901367188,367.403695037781,0.937236705617019
"MG52518130","Manakompy","Bekily","Androy",0.387330967908209,0.306887223748222,0.476846027135384,946.259094238281,366.515450863258,0.937452868476003
"MG42410030","Antanandava","Mandritsara","Sofia",0.25275126991872,0.161964441641941,0.36428400963721,1446.40417480469,365.580491997623,0.937668479916539
"MG51520230","Tsianisiha","Toliary-II","Atsimo Andrefana",0.271653723081672,0.160476674597853,0.404267376563167,1344.54187011719,365.249804856527,0.937883896324975
"MG52518010","Morafeno Bekily","Bekily","Androy",0.386779629195906,0.298311928137793,0.477118480127554,943.139282226562,364.787061859683,0.938099039817634
"MG53519292","Ranobe","Amboasary-Atsimo","Anosy",0.424708321805949,0.318308907324184,0.532279689665389,858.36181640625,364.553406548205,0.938314045505461
"MG31306172","Ampasimbe","Brickaville","Atsinanana",0.409501711686339,0.295628302431547,0.529856031501172,890.001892089844,364.457298214871,0.938528994510678
"MG54508059a","Marofandilia","Morondava","Menabe",0.313663573056335,0.221959338573605,0.423369954635715,1160.70043945312,364.069447086926,0.938743714769717
"MG21224110","Ankaromalaza Mifanasoa","Vohibato","Haute Matsiatra",0.499363384271225,0.402618328725754,0.59118305294927,727.629333496094,363.351446469625,0.938958011567574
"MG51506270","Salobe","Betioky Atsimo","Atsimo Andrefana",0.377923320365203,0.270702238967786,0.500006887046494,960.765991210938,363.095873492403,0.939172157634035
"MG33314310","Antanandava","Moramanga","Alaotra Mangoro",0.457068879658239,0.360833980641366,0.561432650105087,793.880981445312,362.858290771192,0.939386163579363
"MG32304032","Antanananivo","Mananara-Avaratra","Analanjirofo",0.364377371647,0.250056698687921,0.476861356265853,994.766906738281,362.470550878711,0.939599940844117
"MG42410150","Manampaneva","Mandritsara","Sofia",0.327858998499385,0.221221243952725,0.441948469326553,1104.34777832031,362.070356595119,0.939813482082968
"MG23211032a","Tsifenokataka","Ikongo","Fitovinany",0.432255042471069,0.334048663210681,0.539385300683753,837.078430175781,361.831372387248,0.940026882374119
"MG23206072","Marotoko","Ifanadiana","Vatovavy",0.431702714808841,0.328379410483845,0.533907745668679,837.849731445312,361.7020036668,0.940240206366406
"MG13113030","Ampary","Soavinandriana","Itasy",0.41278923383882,0.334956032363649,0.505444194886825,876.165100097656,361.671520385624,0.940453512380315
"MG23209470","Manakana Nord","Mananjary","Vatovavy",0.407877666153822,0.298001215584831,0.507796731014664,886.066833496094,361.406872102694,0.94066666231041
"MG42410010","Mandritsara","Mandritsara","Sofia",0.230372952920657,0.137574238847235,0.345177738970856,1568.36083984375,361.307917919926,0.940879753879476
"MG54510131","Berevo","Belo Sur Tsiribihina","Menabe",0.226967223876257,0.146592171983047,0.316086350736391,1590.75463867188,361.049164207633,0.941092692841218
"MG42414132","Anjozoromadosy","Bealanana","Sofia",0.334321462685652,0.228480354449053,0.469636083412944,1079.19482421875,360.797992155597,0.941305483667134
"MG14111290a","Fiadanantsoa","Tsiroanomandidy","Bongolava",0.354305721241618,0.266329616782385,0.453815482668197,1017.07495117188,360.355474131735,0.941518013505523
"MG42413171","Ambodimadiro","Antsohihy","Sofia",0.234575085804594,0.130962283421236,0.359240561297942,1533.22009277344,359.655234819657,0.941730130357962
"MG53515051","Ifarantsa","Taolagnaro","Anosy",0.4832406087105,0.378025208837353,0.586207248809872,739.915954589844,357.557436290607,0.941941009974354
"MG11115072","Antotohazo","Andramasina","Analamanga",0.58054618880351,0.478621785025679,0.672123574387151,614.554626464844,356.77734620573,0.942151429510543
"MG13113012","Dondona","Soavinandriana","Itasy",0.511778381228277,0.428557785639377,0.602479152625284,696.680236816406,356.545883831633,0.942361712535247
"MG41407030","Antongomena Bevary","Mitsinjo","Boeny",0.280087516953195,0.171819393513477,0.404696824896125,1272.70861816406,356.469796666505,0.942571950685392
"MG31309132","Anosiarivo I","Marolambo","Atsinanana",0.441751620669184,0.320164795510574,0.568778089879462,805.220703125,355.707550601849,0.94278173927935
"MG71717070","Tanambao Marivorahona","Ambilobe","Diana",0.252835068122773,0.171733239396415,0.343957125792513,1404.62219238281,355.137747697867,0.94299119181592
"MG32303132","Ankofabe","Maroantsetra","Analanjirofo",0.315859520472973,0.210618774749636,0.441108782499764,1121.47705078125,354.22920348121,0.943200108512829
"MG51520150","Ambolofoty","Toliary-II","Atsimo Andrefana",0.291154252235036,0.1893592207925,0.417633760481483,1216.48718261719,354.185416008413,0.943408999384836
"MG53515032","Mandromondromotra","Taolagnaro","Anosy",0.451598412697753,0.332173103228049,0.573534763208853,783.320678710938,353.746375139186,0.943617631320067
"MG42409172","Ambodivongo","Port-Berge (Boriziny-Vaovao)","Sofia",0.211210472663572,0.134708934378186,0.304018492084574,1672.90869140625,353.335835434912,0.943826021127889
"MG72711150","Anjinjaomby","Sambava","Sava",0.355829091978932,0.250609038392411,0.469845326221971,992.4296875,353.13535455606,0.94403429269644
"MG42409171","Ambodimahabibo","Port-Berge (Boriziny-Vaovao)","Sofia",0.219197643327144,0.144107678513546,0.322232894531849,1610.31665039062,352.977614776085,0.944242471233491
"MG71717010","Ambilobe","Ambilobe","Diana",0.242142532527558,0.165279739774442,0.338914113788169,1453.62609863281,351.984704871102,0.944450064173829
"MG51506113","Vatolatsaka","Betioky Atsimo","Atsimo Andrefana",0.356095007915532,0.242286931638953,0.493570706579559,985.235534667969,350.837455516254,0.944656980491393
"MG51503012","Bemavo","Beroroha","Atsimo Andrefana",0.271328873737582,0.1693657310311,0.402985170640604,1288.98547363281,349.738976824894,0.944863248950065
"MG12116170","Valabetokana","Faratsiho","Vakinankaratra",0.450817141747308,0.359865450565923,0.550298436149941,768.831726074219,346.602521233428,0.945067667595294
"MG72710190","Ambinanifaho","Antalaha","Sava",0.305974824373106,0.21033851289872,0.417303974486628,1131.30883789062,346.152022985326,0.945271820546433
"MG23210471","Mahamaibe","Manakara Atsimo","Fitovinany",0.434380691245893,0.327714480904014,0.549129998445616,796.304992675781,345.899513161061,0.945475824572758
"MG52518110","Tsikolaky","Bekily","Androy",0.368500607559657,0.279781809922302,0.456668568140967,937.154052734375,345.341837809612,0.945679499694262
"MG32315092","Ambatoharanana","Vavatenina","Analanjirofo",0.417655991293631,0.320466158084979,0.513157074318839,826.6826171875,345.268947966659,0.945883131826919
"MG41407092","Ambarimaninga","Mitsinjo","Boeny",0.267182915013668,0.172250675925649,0.400720583094324,1291.09680175781,344.959007058476,0.946086581163155
"MG72712270","Belaoka Lokoho","Andapa","Sava",0.335250424523088,0.226688387226044,0.469064890194451,1028.66845703125,344.861536913237,0.946289973013614
"MG53517292","Beampombo II","Betroka","Anosy",0.355780920009563,0.262941900280237,0.460515324819057,965.688903808594,343.573686640048,0.94649260531793
"MG23212090","Ankarimbary","Vohipeno","Fitovinany",0.430166686111131,0.325439885751193,0.529611629733941,798.285766601562,343.395942788678,0.946695132792781
"MG21205211","Ankaramena","Ambalavao","Haute Matsiatra",0.401291037609973,0.31689490966899,0.502395103469212,850.322448730469,341.226777754103,0.946896380941167
"MG33317054","Tsaravinany","Anosibe-An'ala","Alaotra Mangoro",0.506552326401983,0.401352955721595,0.616619837792544,670.074096679688,339.427592534803,0.947096567969157
"MG42410112","Antsiatsiaka","Mandritsara","Sofia",0.353379937270381,0.225203970753067,0.484111115479881,960.200866699219,339.315722041135,0.947296689018357
"MG23206170a","Ampasinambo","Ifanadiana","Vatovavy",0.546750720120883,0.435896653702539,0.649669315105404,617.959350585938,337.869719938294,0.947495957246897
"MG51507110","Antaly","Ampanihy Ouest","Atsimo Andrefana",0.290957798869899,0.212726155523283,0.364805513936458,1160.42810058594,337.635605893262,0.947695087400054
"MG33312012","Bedidy","Amparafaravola","Alaotra Mangoro",0.421387957542003,0.314272316952802,0.516929084590363,799.584106445312,336.935113498037,0.947893804417998
"MG22203430","Mahazina Ambohipierenana","Ambositra","Amoron I Mania",0.499779765313574,0.396107238303832,0.59051302711308,673.721435546875,336.712340944341,0.948092390049525
"MG44421170","Belitsaky","Maintirano","Melaky",0.281048767882349,0.181203805655673,0.398642631624288,1197.08410644531,336.439013167998,0.94829081447826
"MG72711190","Analamaho","Sambava","Sava",0.342760780271069,0.245174351097789,0.459225187003628,981.070678710938,336.272551336028,0.94848914073142
"MG12116050","Faravohitra","Faratsiho","Vakinankaratra",0.568463375491836,0.469245365959658,0.66945411277569,591.1396484375,336.041239937838,0.948687330562137
"MG41406032","Antanambao Andranolava","Marovoay","Boeny",0.364676040392024,0.261960895622399,0.481243297007828,920.70556640625,335.759260323927,0.948885354087397
"MG11117250","Alatsinainy Ambazaha","Antananarivo Atsimondrano","Analamanga",0.488339677607208,0.414244271530193,0.559045167063689,685.931762695312,334.967695855173,0.949082910765111
"MG13113071","Masindray","Soavinandriana","Itasy",0.473352787660471,0.368769468596241,0.577543647114981,705.777404785156,334.081702022826,0.94927994490289
"MG31311030a","Manaratsandry","Antanambao Manampontsy","Atsinanana",0.407703606189462,0.297390415173547,0.523230853944517,818.639892578125,333.762436374655,0.949476790744719
"MG51506014","Ankazomanga Ouest","Betioky Atsimo","Atsimo Andrefana",0.31288666506329,0.200444025332785,0.467996360566605,1064.55883789062,333.08626455125,0.94967323779508
"MG71719092","Djangoa","Ambanja","Diana",0.262713423723858,0.173587528266585,0.368813339354637,1265.29760742188,332.410666475407,0.949869286392358
"MG25217052","Iamonta","Vondrozo","Atsimo Atsinanana",0.431661535617613,0.349382946478725,0.519754630789831,769.893920898438,332.333592157685,0.950065289532875
"MG51506111","Tongobory","Betioky Atsimo","Atsimo Andrefana",0.33224965089794,0.222841114777487,0.469813823804284,1000.20379638672,332.317362176282,0.950261283101302
"MG11106351","Ankazondandy","Manjakandriana","Analamanga",0.478791419231925,0.386153448701101,0.58075650534177,693.935424804688,332.250326897545,0.950457237133776
"MG22223110","Anjoman'ankona","Manandriana","Amoron I Mania",0.522197645667443,0.437235016071001,0.60204379249267,632.027954101562,330.043509627847,0.950651889633316
"MG51506013","Ambatry Mitsinjo","Betioky Atsimo","Atsimo Andrefana",0.34376786303487,0.23950254475778,0.463165015862662,960.065979003906,330.039829974653,0.950846539962676
"MG72711250","Andratamarina","Sambava","Sava",0.365933853062329,0.265294126619275,0.477298991282529,900.222717285156,329.421967550397,0.951040825890187
"MG32304011","Mananara Avaratra","Mananara-Avaratra","Analanjirofo",0.288024416735873,0.186422153371026,0.395872223028472,1142.39404296875,329.03737790861,0.951234884995073
"MG53517230","Mahasoa Est","Betroka","Anosy",0.350368924705712,0.253244545984,0.448377439043102,932.088134765625,326.574717508785,0.951427491676298
"MG24216250","Menamaty Iloto","Ihosy","Ihorombe",0.274551273621523,0.18135998144924,0.381198701092396,1186.04040527344,325.628903834409,0.951619540537145
"MG31306290","Anjahamana","Brickaville","Atsinanana",0.406479510504611,0.283869398681965,0.528142984159922,800.061462402344,325.208591610908,0.951811341506963
"MG11102390","Anjeva Gara","Antananarivo Avaradrano","Analamanga",0.574957069101855,0.456709108136904,0.680089024729525,565.552001953125,325.168121467656,0.952003118608369
"MG22204210","Alakamisy Ambohimahazo","Fandriana","Amoron I Mania",0.567488660206153,0.48098772511123,0.651989511741736,571.390686035156,324.257734872365,0.952194358783518
"MG42410070","Tsaratanana","Mandritsara","Sofia",0.280883989196179,0.19118568760858,0.382684467849909,1151.09948730469,323.325415955817,0.952385049097203
"MG44417032","Marotsialeha","Ambatomainty","Melaky",0.263140991482081,0.172304944150867,0.378255468947504,1227.50915527344,323.007976171984,0.952575552191791
"MG52518190","Beteza","Bekily","Androy",0.328789088847186,0.250319896078434,0.410994124932926,982.303894042969,322.97080229343,0.952766033362034
"MG51506230","Fenoandala","Betioky Atsimo","Atsimo Andrefana",0.373426144346496,0.264899350635441,0.486242246220778,863.850158691406,322.584234053241,0.952956286542717
"MG21220210","Ambalamahasoa","Lalangina","Haute Matsiatra",0.45839059699315,0.375582465925018,0.554867674208718,702.445678710938,321.994494019565,0.953146191907527
"MG43404131","Ambalanjanakomby","Maevatanana","Betsiboka",0.321354937285122,0.219885368465078,0.425636543711017,1001.10638427734,321.710479335181,0.953335929766639
"MG72711371","Amboangibe","Sambava","Sava",0.36405081100241,0.252389549544894,0.490929770849258,883.645446777344,321.691841537879,0.953525656633583
"MG72712350","Antsahamena","Andapa","Sava",0.23082684159879,0.13871338728933,0.347859498987039,1390.91760253906,321.061117118253,0.953715011512952
"MG43416030","Antanimbaribe","Kandreho","Betsiboka",0.259069538361541,0.175921331236025,0.360866562485524,1236.61584472656,320.369496023877,0.953903958489208
"MG42414050","Antsamaka","Bealanana","Sofia",0.295858888392886,0.194348116203835,0.413823633623322,1080.99157714844,319.820966377209,0.954092581954583
"MG31311070","Antanandehibe","Antanambao Manampontsy","Atsinanana",0.419017827568389,0.309204413333482,0.544724073849026,762.9033203125,319.670091922055,0.954281116437479
"MG53515170","Enakara-Haut","Taolagnaro","Anosy",0.519460690195895,0.401030211952029,0.630171561439286,614.702758789062,319.313919345887,0.954469440857518
"MG12109090","Antsoso","Betafo","Vakinankaratra",0.499288220816077,0.398487163860916,0.591795582245799,638.800720214844,318.945675052098,0.954657548095065
"MG33313232","Tanambao Besakay","Ambatondrazaka","Alaotra Mangoro",0.458594995718387,0.359533382174684,0.557458911445553,695.174011230469,318.803322703771,0.954845571376285
"MG33317072","Ambatoharanana","Anosibe-An'ala","Alaotra Mangoro",0.469753948711461,0.367016466517022,0.59591616153185,677.985900878906,318.486554108564,0.955033407834263
"MG23210233a","Ambohitrova","Manakara Atsimo","Fitovinany",0.401519667027784,0.306327097271663,0.505406964090158,791.636047363281,317.857442144496,0.955220873255657
"MG41415032","Betsako","Mahajanga II","Boeny",0.334351915025926,0.219149887220201,0.461752522131798,950.607727050781,317.837513977871,0.955408326923851
"MG14111110","Ankerana Avaratra","Tsiroanomandidy","Bongolava",0.350984687473295,0.268015611710621,0.446959723670862,905.260986328125,317.732744368144,0.955595718801202
"MG21225170a","Ambalamidera Ambohimanana","Isandra","Haute Matsiatra",0.449671100929937,0.366473050698664,0.545384810595761,706.068664550781,317.49867372068,0.955782972628766
"MG21220430","Fandrandava","Lalangina","Haute Matsiatra",0.48594252701755,0.396332737221387,0.584893146646921,652.122741699219,316.894173026931,0.955969869934938
"MG42411150","Marovantaza","Analalava","Sofia",0.265209803832936,0.175355890568425,0.380541887409836,1194.32983398438,316.747980982819,0.956156681020216
"MG33312133","Ambodimanga","Amparafaravola","Alaotra Mangoro",0.398172642052471,0.298758406213935,0.499328883282062,794.901733398438,316.508123359345,0.956343350642673
"MG72711310","Antsambaharo","Sambava","Sava",0.314229304046565,0.221476321366236,0.440632574796428,1006.048828125,316.130023098581,0.956529797269801
"MG51504070","Antongo Vaovao","Morombe","Atsimo Andrefana",0.304534032299767,0.188403375910925,0.434561909861821,1036.57531738281,315.672461184998,0.956715974036842
"MG44420070","Trangahy","Antsalova","Melaky",0.214304630777734,0.140255367907029,0.294167200916673,1471.86865234375,315.428268093848,0.956902006784098
"MG23210271","Mitanty","Manakara Atsimo","Fitovinany",0.419255707328545,0.309760695220967,0.525573914221277,749.264465332031,314.133403388925,0.957087275848251
"MG22223171a","Ilanjana","Manandriana","Amoron I Mania",0.501213663726939,0.40513962932171,0.581136868538162,625.160827636719,313.339148838365,0.957272076478307
"MG44421130","Marohazo","Maintirano","Melaky",0.252188103929326,0.158817719355688,0.360466257070057,1238.05212402344,312.222017723145,0.957456218248674
"MG72711210","Ambohimitsinjo","Sambava","Sava",0.35163272619331,0.247094700501957,0.475708879564385,887.616516113281,312.115015375121,0.957640296911378
"MG42414212","Ankazotokana","Bealanana","Sofia",0.314610524365151,0.222385063367643,0.428885088813719,990.460205078125,311.609204482444,0.957824077257796
"MG42423112","Ambodihazoambo","Mampikony","Sofia",0.313738981659006,0.208654032478267,0.42084500674805,992.542053222656,311.399133031815,0.95800773370863
"MG42410111","Antsirabe Centre","Mandritsara","Sofia",0.282510926592577,0.186439810040436,0.403072230565083,1101.29406738281,311.127607427226,0.958191230019555
"MG53517293","Nanarena Besakoa","Betroka","Anosy",0.387826024257758,0.301555683880957,0.486890347067631,800.29345703125,310.374629679926,0.958374282240545
"MG23212053","Anoloka","Vohipeno","Fitovinany",0.448769659173421,0.338881725824935,0.55918601107548,689.321838378906,309.346726470098,0.95855672822653
"MG54509010","Mahabo","Mahabo","Menabe",0.31169225141564,0.219445931878263,0.414476497828166,991.733642578125,309.115691859809,0.958739037953315
"MG33312090a","Andranobe","Amparafaravola","Alaotra Mangoro",0.367437369668314,0.267942960731072,0.482369444168527,841.096740722656,309.050374047725,0.958921309157072
"MG32304013","Imorona","Mananara-Avaratra","Analanjirofo",0.325209243856187,0.215967281084891,0.443813847442944,949.969482421875,308.938857064872,0.959103514590532
"MG44402050","Soanenga","Besalampy","Melaky",0.193532824325243,0.118105902190815,0.280967487606506,1584.83581542969,306.717751451907,0.959284410064104
"MG31306110","Ambinaninony","Brickaville","Atsinanana",0.363029659173157,0.244676348638925,0.473693919015185,843.658752441406,306.273149357255,0.959465043321008
"MG12109050","Mandritsara","Betafo","Vakinankaratra",0.507344089131084,0.395531948437034,0.61211846247281,601.855834960938,305.348000376485,0.959645130945121
"MG33314091","Anosibe Ifody","Moramanga","Alaotra Mangoro",0.427867797287094,0.333143859846858,0.539967807505311,713.526062011719,305.294824459888,0.959825187207232
"MG33314330","Mangarivotra","Moramanga","Alaotra Mangoro",0.452102438470926,0.349923859058474,0.560522985926799,674.228759765625,304.820466377267,0.960004963703241
"MG31308050a","Andranambomaro","Mahanoro","Atsinanana",0.345523029419328,0.229077680113252,0.47027648224866,881.303894042969,304.510791308777,0.960184557559614
"MG51506012","Sakamasay","Betioky Atsimo","Atsimo Andrefana",0.339415281563593,0.255545047749552,0.422477564915955,897.02734375,304.464788449149,0.960364124284499
"MG51521031","Ianapera","Benenitra","Atsimo Andrefana",0.35395603173788,0.249682824550271,0.476108233914052,858.972045898438,304.038336739979,0.960543439497421
"MG11106012","Ambatolaona","Manjakandriana","Analamanga",0.467316108677535,0.356629385171828,0.58383588328974,643.9462890625,300.926474002026,0.960720919401231
"MG53515152","Fenoevo-Efita","Taolagnaro","Anosy",0.520132373693018,0.407279838638212,0.624910261783456,575.880432128906,299.534056126569,0.960897578087197
"MG51506311","Belamoty","Betioky Atsimo","Atsimo Andrefana",0.378100361876517,0.268916048581427,0.515583586370532,791.175476074219,299.143733811488,0.961074006569532
"MG54511050","Manandaza","Miandrivazo","Menabe",0.250553417129548,0.167270976779545,0.343228490927634,1193.16174316406,298.950751938004,0.961250321235345
"MG72710152","Andampy","Antalaha","Sava",0.233404866037676,0.14167778840455,0.353476828300472,1280.36352539062,298.843077123325,0.96142657239689
"MG72711530","Bevonotra","Sambava","Sava",0.341454727614407,0.239064644360267,0.460417609681943,874.365844726562,298.556351346449,0.961602654453794
"MG44417012","Bemarivo","Ambatomainty","Melaky",0.246765348064157,0.169270501333496,0.34224723482618,1209.63195800781,298.495251147325,0.961778700475126
"MG72712130a","Ambalavelona","Andapa","Sava",0.291636700724718,0.188265848052242,0.415233227082814,1020.53405761719,297.625185540686,0.961954233350645
"MG21225150","Nasandratrony","Isandra","Haute Matsiatra",0.443880354181057,0.361527088921904,0.543056866855292,669.317077636719,297.096701480817,0.962129454537735
"MG42414072","Ambodiampana","Bealanana","Sofia",0.296191833745196,0.202115839045733,0.417293258580928,991.261779785156,293.603644276092,0.96230261559549
"MG24216033","Tolohomiady","Ihosy","Ihorombe",0.323670301824332,0.235985914511844,0.40988089798837,905.529296875,293.092940830307,0.962475475451435
"MG53517190","Beampombo I","Betroka","Anosy",0.372775933681392,0.277059957018002,0.476156110205173,786.243957519531,293.092825365696,0.962648335239283
"MG71713232","Antsoha","Antsiranana II","Diana",0.269301858509679,0.17996494769414,0.378901845114814,1087.64001464844,292.903477334319,0.96282108335377
"MG23210370","Vohilava","Manakara Atsimo","Fitovinany",0.428587783579375,0.327763738702902,0.531868576302394,682.758850097656,292.622102282557,0.962993665519358
"MG33312113","Vohitsara","Amparafaravola","Alaotra Mangoro",0.305766643174748,0.203919090773523,0.420084938273082,950.82861328125,290.731673317509,0.963165132750967
"MG22204192","Betsimisotra","Fandriana","Amoron I Mania",0.585198841032818,0.470766343684651,0.697488688174899,496.729461669922,290.685505276094,0.963336572753668
"MG31309050","Andonabe Sud","Marolambo","Atsinanana",0.444962240862044,0.343696288296124,0.555305865176812,653.083679199219,290.597577366913,0.963507960898396
"MG71719210","Maherivaratra","Ambanja","Diana",0.258169339862144,0.167167937894709,0.365990121670797,1114.38671875,287.700483530828,0.963677640400051
"MG53515151","Enaniliha","Taolagnaro","Anosy",0.550737274069543,0.416005911256609,0.681233440471468,521.431518554688,287.171773142751,0.963847008079793
"MG42410050","Antsoha","Mandritsara","Sofia",0.281179789450926,0.186742231353663,0.398995466016716,1019.17980957031,286.572764267615,0.964016022477099
"MG42414211a","Antsiradava","Bealanana","Sofia",0.307688077799451,0.219464191223749,0.427019670029553,928.882507324219,285.806073180123,0.96418458469664
"MG51507290a","Anavoha","Ampanihy Ouest","Atsimo Andrefana",0.336774399727325,0.245097661898958,0.438243488003051,848.603820800781,285.788042356498,0.964353136281993
"MG42414213","Ambalaromba","Bealanana","Sofia",0.332632202739431,0.237771640218567,0.455177566832503,859.113586425781,285.76884465618,0.964521676544959
"MG33313010","Ambatondrazaka","Ambatondrazaka","Alaotra Mangoro",0.323570823670761,0.219715759550559,0.441784661814503,883.14794921875,285.760909351854,0.964690212127855
"MG31307171","Tsivangiana","Vatomandry","Atsinanana",0.329024624911459,0.223768335886807,0.455413478909136,868.506652832031,285.760075681166,0.96485874721907
"MG32318030","Antanifotsy","Soanierana Ivongo","Analanjirofo",0.366532444134485,0.26964131422555,0.475376488729643,777.239929199219,284.883650928304,0.965026765413985
"MG42411131","Andribavontsona","Analalava","Sofia",0.260531182595363,0.158955595821915,0.373237205237361,1090.88977050781,284.210801991584,0.965194386777199
"MG22223030","Ambohimahazo","Manandriana","Amoron I Mania",0.519557058290315,0.420729586006268,0.608469173232604,546.7705078125,284.078476598964,0.965361930097769
"MG11104150a","Andranomiely","Ankazobe","Analamanga",0.338064033522116,0.218383994572028,0.468532836721059,840.242736816406,284.055848745816,0.965529460072922
"MG41415092","Ambalabe Befanjava","Mahajanga II","Boeny",0.284894821697048,0.194127989990434,0.393650317997105,996.593017578125,283.924190047443,0.965696912398631
"MG11115050","Mandrosoa","Andramasina","Analamanga",0.549334441026225,0.456213109028059,0.637597935957861,516.653259277344,283.815429389497,0.965864300579665
"MG43404031a","Beanana","Maevatanana","Betsiboka",0.27224153959756,0.187624485731391,0.365743944043886,1041.28466796875,283.480941167146,0.966031491486804
"MG51505012","Fotivolo","Ankazoabo","Atsimo Andrefana",0.380066668788483,0.262368649783921,0.507011521589055,744.140441894531,282.822978861645,0.966198294342054
"MG13105212","Antenimbe","Arivonimamo","Itasy",0.584657839172544,0.479417325238571,0.674868178891206,483.612457275391,282.747814267554,0.966365052866857
"MG33317032","Tratramarina","Anosibe-An'ala","Alaotra Mangoro",0.445067693915337,0.331651292942906,0.563464410713061,634.337707519531,282.323220649259,0.966531560975559
"MG51520210","Marofoty","Toliary-II","Atsimo Andrefana",0.288789639966848,0.179800969722892,0.41670498821193,976.144470214844,281.900410108974,0.96669781971978
"MG11115031","Sabotsy Ambohitromby","Andramasina","Analamanga",0.551551322677776,0.455823803275438,0.646695824011998,508.979156494141,280.728126979762,0.966863387076852
"MG53517110","Analamary","Betroka","Anosy",0.369947598181491,0.27150005408272,0.476681793131749,757.5087890625,280.238557115042,0.967028665696241
"MG51505072","Ilemby","Ankazoabo","Atsimo Andrefana",0.356837735915394,0.25821577087118,0.46539420956117,784.325500488281,279.876935814947,0.967193731039236
"MG42409171a","Ihobaka","Port-Berge (Boriziny-Vaovao)","Sofia",0.223565562821599,0.145355610478231,0.340723401502272,1248.49743652344,279.121032077686,0.967358350566611
"MG22204010a","Soanakambana","Fandriana","Amoron I Mania",0.605064184565538,0.488235037463171,0.707111229992964,456.911743164062,276.460931295982,0.967521401224273
"MG72710230","Lanjarivo","Antalaha","Sava",0.296260088133393,0.203084200043769,0.404643022875761,932.94580078125,276.394605163132,0.96768441276422
"MG12118070","Antanimandry","Antsirabe II","Vakinankaratra",0.470224843424027,0.368854667634479,0.583850431792597,585.416137695312,275.277211685677,0.967846765289745
"MG51507310a","Androipano","Ampanihy Ouest","Atsimo Andrefana",0.324538558782125,0.205389960775171,0.464393986931384,848.111694335938,275.244946966051,0.968009098786237
"MG13113072","Amparibohitra","Soavinandriana","Itasy",0.445663558702346,0.356295423186707,0.539246870457397,614.6650390625,273.93380871851,0.968170659001845
"MG42410050a","Ambinany Fango","Mandritsara","Sofia",0.283037750033194,0.202033107595601,0.393581318591196,967.747985839844,273.909212511264,0.968332204711144
"MG51506192","Ankilivalo","Betioky Atsimo","Atsimo Andrefana",0.363109239216479,0.25905125245787,0.489070528479031,753.178039550781,273.485904935844,0.968493500762821
"MG12110150","Andravola Vohipeno","Ambatolampy","Vakinankaratra",0.587970307675826,0.484106287092831,0.692405919394308,465.022827148438,273.419614754749,0.968654757717988
"MG33312032","Ampasikely","Amparafaravola","Alaotra Mangoro",0.42761819059045,0.328650709956989,0.530515467479584,636.114074707031,272.013949635339,0.968815185642372
"MG51521031b","Ankilimary","Benenitra","Atsimo Andrefana",0.358180966293322,0.259287909191331,0.459084591885655,758.601318359375,271.716553241349,0.968975438168818
"MG31309050a","Maromitety I","Marolambo","Atsinanana",0.444451651342544,0.339862482965915,0.573737555732112,610.857482910156,271.496617014369,0.969135560981649
"MG51520358a","Efoetse","Toliary-II","Atsimo Andrefana",0.316672449728241,0.195315356844214,0.460239669799896,854.166809082031,270.491095908562,0.969295090759954
"MG21224090","Ihazoara","Vohibato","Haute Matsiatra",0.453822214536387,0.365516942383514,0.556161168580028,594.377075195312,269.741520534798,0.96945417845497
"MG23210430","Amborondra","Manakara Atsimo","Fitovinany",0.44783979830587,0.347916693080126,0.547454559741604,602.099853515625,269.644276958431,0.969613208797835
"MG23210152","Sahanambohitra","Manakara Atsimo","Fitovinany",0.441136563141744,0.335004735669792,0.549303315728101,610.9697265625,269.521085359433,0.969772166484969
"MG71719050","Ambohimena","Ambanja","Diana",0.292108050496812,0.194768504425376,0.400254055432954,914.362609863281,267.09267941434,0.969929691950976
"MG33313090","Ilafy","Ambatondrazaka","Alaotra Mangoro",0.438729192915341,0.347866942423367,0.537140278845843,608.581298828125,267.002382058233,0.970087164161562
"MG43408070","Betrandraka","Tsaratanana","Betsiboka",0.340803194723489,0.249155565215325,0.447649826245264,780.472839355469,265.987637047256,0.970244037897562
"MG53517010","Betroka","Betroka","Anosy",0.406963779461561,0.30449938732631,0.515491589556357,650.785766601562,264.846235195961,0.97040023845952
"MG42413190a","Ambalafamity","Antsohihy","Sofia",0.252638244980893,0.159133810705813,0.362174666453499,1042.33349609375,263.333305137923,0.970555546728163
"MG21225090","Ambalamidera II","Isandra","Haute Matsiatra",0.459417016426416,0.372426648137216,0.559920884056686,571.286499023438,262.45873890604,0.970710339196622
"MG54509150","Beronono","Mahabo","Menabe",0.328093314206804,0.218304946921322,0.451969765635026,798.635009765625,262.026807195587,0.970864876921131
"MG11104030a","Mangasoavina","Ankazobe","Analamanga",0.483318196212722,0.363079608051324,0.596483322333407,541.296508789062,261.618452244173,0.971019173806752
"MG44422030","Andramy","Morafenobe","Melaky",0.275891410614886,0.178599403895335,0.40059424767457,946.871459960938,261.2337027596,0.971173243775477
"MG31307250","Ifasina II","Vatomandry","Atsinanana",0.396677873987529,0.271446480983616,0.522488981721257,655.325805664062,259.953247359985,0.971326558559395
"MG42412010","Befandriana Nord","Befandriana Nord","Sofia",0.185213009676086,0.110702322369018,0.295427136436779,1398.65698242188,259.049469218828,0.971479340314578
"MG43404173","Morafeno","Maevatanana","Betsiboka",0.316803879289748,0.218802430228413,0.418200911106427,817.696166992188,259.049317783483,0.971632121980449
"MG25217192","Vohiboreka","Vondrozo","Atsimo Atsinanana",0.37664196212563,0.274028218499013,0.473407837123016,686.302368164062,258.490270556779,0.971784573932397
"MG31309170","Lohavanana","Marolambo","Atsinanana",0.476608344156435,0.368048427101386,0.603963655893372,540.693908691406,257.699228516882,0.971936559344916
"MG32303031a","Sahasindro","Maroantsetra","Analanjirofo",0.286420199474441,0.178217335655727,0.43016393995136,898.880554199219,257.457547637437,0.972088402219298
"MG31307190","Ampasimadinika","Vatomandry","Atsinanana",0.396652204638881,0.280766734111914,0.530439600574931,648.612426757812,257.273549029661,0.972240136575294
"MG42423052","Ankiririky","Mampikony","Sofia",0.301487547806207,0.20598687299131,0.407649436665486,852.317138671875,256.963004091386,0.972391687778625
"MG41407011","Mitsinjo","Mitsinjo","Boeny",0.255139419643291,0.165527613139017,0.370504048840321,1005.66864013672,256.58571319794,0.972543016463975
"MG44421231","Berevo/ranobe","Maintirano","Melaky",0.236798073094224,0.146036406982853,0.354949964307686,1078.78393554688,255.453957222504,0.972693677664211
"MG43408230","Manakana","Tsaratanana","Betsiboka",0.339442959499912,0.245076670692959,0.44507128333226,750.3291015625,254.693930833285,0.972843890617376
"MG54509170","Mazavasoa","Mahabo","Menabe",0.294778231075061,0.212090505545435,0.405085799617048,863.976135253906,254.681356841214,0.972994096154674
"MG71713110","Andrafiabe","Antsiranana II","Diana",0.256553748202217,0.158056005515148,0.384109014862653,990.676635742188,254.161804156021,0.973143995271073
"MG41406111a","Ankaboka","Marovoay","Boeny",0.323021057879178,0.234940875087224,0.432725415385369,785.793884277344,253.827971774256,0.973293697500378
"MG12109070","Alakamisy Anativato","Betafo","Vakinankaratra",0.473554970483125,0.375014663464267,0.584050508951012,533.528015136719,252.654843459989,0.973442707844062
"MG12118030","Belazao","Antsirabe II","Vakinankaratra",0.476361253034167,0.379681661718674,0.580135384327314,527.083374023438,251.082096503281,0.973590790615722
"MG51506290","Tanambao Haut","Betioky Atsimo","Atsimo Andrefana",0.345894731715814,0.240413674371625,0.464041489244877,725.520812988281,250.953826962821,0.97373879773679
"MG72711350","Bemanevika","Sambava","Sava",0.348782158826692,0.249122320510253,0.463231875360063,717.549743652344,250.268548656604,0.973886400695585
"MG71713151","Sadjoavato","Antsiranana II","Diana",0.276207627297123,0.181204569449525,0.391901281720418,901.578430175781,249.022839021118,0.974033268961871
"MG31309032","Tanambao Rabemanana","Marolambo","Atsinanana",0.444042927521565,0.334698465473765,0.556780412635232,555.544250488281,246.68549535459,0.974178758713586
"MG31308050","Ambodiharina","Mahanoro","Atsinanana",0.322471990758585,0.207262624183711,0.450420624331174,763.634460449219,246.250724672917,0.974323992046989
"MG71717150a","Sirama","Ambilobe","Diana",0.216547360427454,0.143727769563687,0.308958563647278,1136.44262695312,246.093651143941,0.974469132741832
"MG12118130","Ambohidranandriana","Antsirabe II","Vakinankaratra",0.541783296212376,0.439958356205117,0.643997405016137,453.94091796875,245.937606822781,0.974614181405121
"MG41407091","Bekipay","Mitsinjo","Boeny",0.260226726435321,0.169073772856844,0.378548956170584,943.136291503906,245.42926972041,0.97475893026222
"MG33316051","Maroadabo","Andilamena","Alaotra Mangoro",0.423191182665955,0.308662664750825,0.535322820206555,576.548767089844,243.990354609349,0.974902830478412
"MG21220070","Ivoamba","Lalangina","Haute Matsiatra",0.442209648994102,0.357883573514805,0.536991203423646,550.519714355469,243.445129649465,0.975046409132755
"MG23210452","Onilahy","Manakara Atsimo","Fitovinany",0.460861975635626,0.347722449461691,0.573479844007068,526.393371582031,242.594689188793,0.97518948621577
"MG31307172","Ampasimazava","Vatomandry","Atsinanana",0.372576257413417,0.256650718461914,0.519686313302698,650.777099609375,242.46409618282,0.975332486277864
"MG42410372","Pont Sofia","Mandritsara","Sofia",0.220877775906714,0.145379431562752,0.32148476918553,1095.32763671875,241.933532287595,0.975475173424887
"MG32303051","Andranofotsy","Maroantsetra","Analanjirofo",0.283484755404987,0.182076636356743,0.39676707220693,849.534545898438,240.830092952105,0.975617209787336
"MG72712130","Andrakata","Andapa","Sava",0.362146131140932,0.244733327003564,0.50677430747997,664.255798339844,240.557667456706,0.97575908547914
"MG51503050","Behisatsy","Beroroha","Atsimo Andrefana",0.299167092346761,0.193157370409266,0.441074056033331,801.180786132812,239.686926231446,0.975900447626666
"MG31306050","Anivorano Est","Brickaville","Atsinanana",0.353395426773339,0.246691678346286,0.463196393456734,677.256713867188,239.339425432204,0.976041604825762
"MG32315010a","Tanamarina","Vavatenina","Analanjirofo",0.39327968380187,0.299280071704031,0.486280770533787,606.287841796875,238.440690714793,0.976182231970625
"MG54509030","Ankilivalo","Mahabo","Menabe",0.326270452501084,0.232779148133995,0.430876672534962,730.59619140625,238.371949965686,0.976322818573686
"MG42411132","Angoaka Sud","Analalava","Sofia",0.236003180478425,0.147758739414045,0.344620748297729,1004.28302001953,237.013986825087,0.976462604279557
"MG72711372","Andrembona","Sambava","Sava",0.369769484146349,0.257725186534183,0.499281614271171,640.878784179688,236.977417426462,0.97660236841759
"MG42411150a","Andrevorevo","Analalava","Sofia",0.24334939515029,0.156508480382367,0.351309552775625,972.953552246094,236.767658448413,0.97674200884433
"MG71717172","Ambodibonara","Ambilobe","Diana",0.22296780341217,0.139867705498813,0.310035457450516,1060.99157714844,236.566961395601,0.976881530904303
"MG13105250","Antambolo","Arivonimamo","Itasy",0.530367341758598,0.43720564130991,0.61634681596243,446.032409667969,236.561023453782,0.977021049462207
"MG43404131a","Berivotra 5/5","Maevatanana","Betsiboka",0.293110284309352,0.212970497022502,0.384318849194359,804.140380859375,235.701815658322,0.977160061278
"MG31311050","Saivaza","Antanambao Manampontsy","Atsinanana",0.395116548564311,0.283048738700096,0.539176553099536,595.837097167969,235.425097339586,0.977298909891333
"MG43404092","Antanimbary","Maevatanana","Betsiboka",0.270134542253771,0.188300331258078,0.37769287368321,869.496765136719,234.881110641342,0.977437437673118
"MG54511072","Isalo","Miandrivazo","Menabe",0.237941500695859,0.153603362162602,0.336905304666783,985.3857421875,234.464162260397,0.977575719547795
"MG44421194","Andranovao","Maintirano","Melaky",0.22966548706239,0.134569376164758,0.338199364402184,1017.75885009766,233.744082019736,0.977713576734773
"MG13105215","Marofangady","Arivonimamo","Itasy",0.591207004383076,0.49615898481607,0.680376752398854,394.285003662109,233.104055888246,0.977851056448229
"MG23209090","Mahatsara Iefaka","Mananjary","Vatovavy",0.412544529179259,0.294947008045221,0.529389818943098,564.397705078125,232.839185511309,0.977988379946884
"MG11117012","Anosizato Andrefana","Antananarivo Atsimondrano","Analamanga",0.488339677607208,0.414244271530193,0.559045167063689,473.503936767578,231.230759826823,0.978124754830976
"MG32303133","Antsirabe Sahatany","Maroantsetra","Analanjirofo",0.304520126832932,0.213430897681105,0.402298542950901,755.431823730469,230.044194776035,0.978260429904751
"MG25214270","Manambondro","Vangaindrano","Atsimo Atsinanana",0.49992292025576,0.381981769344012,0.634655678224108,459.477172851562,229.703170042814,0.978395903849539
"MG44417031","Sarodrano","Ambatomainty","Melaky",0.267546967426713,0.189464116442693,0.341153357686525,855.613464355469,228.91678767777,0.978530914003074
"MG11106352","Soavinandriana","Manjakandriana","Analamanga",0.474717654379691,0.377412682477183,0.572545475943112,482.161437988281,228.890546874136,0.978665908680352
"MG51506191","Andranomangatsiaka","Betioky Atsimo","Atsimo Andrefana",0.366971852408094,0.26026502707483,0.494455759056286,621.050415039062,227.9080212457,0.978800323885337
"MG51507110a","Beara","Ampanihy Ouest","Atsimo Andrefana",0.278587540470546,0.206794496562914,0.358640893230026,815.499145507812,227.187901202853,0.978934314379149
"MG42414032","Antananivo Haut","Bealanana","Sofia",0.290636078748613,0.183875956988967,0.430929005221678,781.492492675781,227.129913642768,0.979068270673156
"MG72712110","Marovato","Andapa","Sava",0.329052070227153,0.223854174647337,0.455363062233291,688.436096191406,226.531322670882,0.979201873931198
"MG14111170","Soanierana","Tsiroanomandidy","Bongolava",0.366475212694293,0.282209795674448,0.45479569030328,617.296875,226.224003561147,0.979335295939098
"MG32303031","Anjanazana","Maroantsetra","Analanjirofo",0.289151899059704,0.19014245709409,0.417755217206322,781.286499023438,225.910474902335,0.9794685330346
"MG71719030","Benavony","Ambanja","Diana",0.258797353609195,0.170695316400655,0.36346264931416,872.209228515625,225.725440133361,0.97960166100061
"MG31311090","Manakana","Antanambao Manampontsy","Atsinanana",0.428239232683095,0.318236969658339,0.557101497010592,523.364807128906,224.125343418219,0.979733845264302
"MG33313111","Manakambahiny Andrefana","Ambatondrazaka","Alaotra Mangoro",0.397410600806144,0.308190776485098,0.492547659198657,563.788024902344,224.05533770375,0.979865988240143
"MG44422050","Beravina","Morafenobe","Melaky",0.310452385700034,0.222900234829566,0.404788451334228,720.931335449219,223.814853016121,0.979997989383334
"MG44421233","Bemokotra Sud","Maintirano","Melaky",0.218753377843551,0.134607191111974,0.327499478033888,1020.23858642578,223.18063698697,0.980129616479675
"MG51506252","Marosavoa","Betioky Atsimo","Atsimo Andrefana",0.337655055062012,0.249150689462079,0.427391577530647,660.7900390625,223.119097024077,0.980261207281081
"MG42414110","Ambovonomby","Bealanana","Sofia",0.29619569804515,0.178667628728725,0.442708687399611,753.130126953125,223.073903671713,0.980392771428428
"MG54502030","Betsioky","Manja","Menabe",0.352615688721456,0.237378480060231,0.477872877370113,632.60986328125,223.068162632904,0.980524332189836
"MG51520191","Antanimena Onilahy","Toliary-II","Atsimo Andrefana",0.2956830043753,0.189110139548652,0.428881568116747,753.383544921875,222.762710009413,0.980655712801915
"MG23212130","Nato","Vohipeno","Fitovinany",0.428972554580895,0.32596955831976,0.532839006964446,518.187744140625,222.288320356515,0.980786813629271
"MG42413052","Anjalazala","Antsohihy","Sofia",0.230987163349891,0.148151664289396,0.331910301976471,960.861572265625,221.946688949553,0.980917712969838
"MG52518031","Ankaranabo Nord","Bekily","Androy",0.396196382901483,0.296329360730999,0.498788224465771,559.08740234375,221.50840653438,0.981048353820947
"MG31306070","Mahatsara","Brickaville","Atsinanana",0.341208380774693,0.229928908239506,0.462606724448657,648.659118652344,221.327927550106,0.981178888229469
"MG71717150","Antsohimbondrona","Ambilobe","Diana",0.218683101265987,0.139831461508862,0.310709947500696,1006.05139160156,220.006438348392,0.981308643252337
"MG21208010","Ambohimahasoa","Ambohimahasoa","Haute Matsiatra",0.507475548713307,0.40937671893733,0.607793536700633,431.887115478516,219.172150909667,0.981437906230579
"MG11103290","Fiadanana","Ambohidratrimo","Analamanga",0.508806093559648,0.423957101957994,0.591580137627656,430.234741210938,218.906057989183,0.981567012272992
"MG72710250","Antsambalahy","Antalaha","Sava",0.26899539624558,0.174435183044015,0.390035030022064,808.681335449219,217.531556265567,0.981695307664117
"MG31306150","Vohipeno Razanaka","Brickaville","Atsinanana",0.361990820517089,0.257183674134251,0.48328626523834,597.8466796875,216.415010123495,0.981822944540557
"MG23210531","Saharefo","Manakara Atsimo","Fitovinany",0.42435919377302,0.320132217377669,0.535172665694438,509.555267333984,216.234462428645,0.981950474933886
"MG33314070","Andasibe","Moramanga","Alaotra Mangoro",0.444267716910795,0.331821904895387,0.56856877224949,486.094055175781,215.955896096854,0.982077841034837
"MG44417031a","Makaraingo","Ambatomainty","Melaky",0.28208756591893,0.201741042837653,0.369351333002616,763.496520996094,215.372875195359,0.982204863282713
"MG42414090","Ambatoriha Est","Bealanana","Sofia",0.274822043237059,0.170759742043679,0.394599595245415,782.336791992188,215.003395674819,0.982331667619586
"MG51505071a","Ankilivalokely","Ankazoabo","Atsimo Andrefana",0.342819434406766,0.233375902946132,0.467880911390376,626.442687988281,214.756727984397,0.982458326477208
"MG21225130","Soatanana","Isandra","Haute Matsiatra",0.458014627176723,0.36791631744111,0.552845650240935,468.131530761719,214.411088531497,0.982584781484182
"MG33314293","Ampasipotsy Mandialaza","Moramanga","Alaotra Mangoro",0.421954953649454,0.33226832633031,0.512237065179368,506.774841308594,213.836154675077,0.982710897407645
"MG31307030","Ambodivoananto","Vatomandry","Atsinanana",0.395257497609103,0.274799040608889,0.525991463768788,540.815063476562,213.761208659054,0.982836969129573
"MG33314092","Vodiriana","Moramanga","Alaotra Mangoro",0.419714594960569,0.316491125261973,0.52965881053215,508.955017089844,213.615848851013,0.982962955121441
"MG53519090a","Mahabo","Amboasary-Atsimo","Anosy",0.451145799606487,0.334110881097982,0.575267718950664,472.183990478516,213.023823945812,0.983088591949868
"MG33312071a","Ambodirano","Amparafaravola","Alaotra Mangoro",0.399801792633446,0.307747713455253,0.505396360225225,529.814086914062,211.820621710695,0.983213519155728
"MG72711390a","Mahasoa Antindra","Sambava","Sava",0.343723869856036,0.239828641274833,0.462959123875668,615.578186035156,211.588916302963,0.983338309706767
"MG41406070","Tsararano","Marovoay","Boeny",0.372843827757928,0.2719916189799,0.487860398142767,566.97509765625,211.393165653581,0.983462984808321
"MG43416011","Kandreho","Kandreho","Betsiboka",0.291083741130918,0.199838337458096,0.394550337561418,724.839294433594,210.988933542425,0.983587421502548
"MG51506251","Soaserana","Betioky Atsimo","Atsimo Andrefana",0.343861766314071,0.250245658553683,0.441036786228167,605.006774902344,208.0386982499,0.983710118212024
"MG23210472","Kianjanomby","Manakara Atsimo","Fitovinany",0.442511995610855,0.336388235885102,0.552327467279012,469.4619140625,207.742528455089,0.983832640246983
"MG42414172","Ambararata Sofia","Bealanana","Sofia",0.285277861698183,0.185198391156398,0.404633872389406,727.92236328125,207.660135279163,0.983955113688235
"MG32303151","Rantabe","Maroantsetra","Analanjirofo",0.322636091369026,0.214993961635757,0.458214751053818,643.167175292969,207.508943533381,0.984077497959875
"MG11117290","Ankadimanga","Antananarivo Atsimondrano","Analamanga",0.431300886157831,0.360966068295153,0.510665664461197,479.627746582031,206.863872126714,0.9841995017824
"MG23210110","Mizilo Gara","Manakara Atsimo","Fitovinany",0.426928002558253,0.325566734452324,0.528412621689532,483.645721435547,206.481901798323,0.984321280327114
"MG33314130","Belavabary","Moramanga","Alaotra Mangoro",0.405424545655404,0.303603042994837,0.515277630457522,507.943969726562,205.932953144794,0.984442735113825
"MG31306252","Andekaleka","Brickaville","Atsinanana",0.400029804460693,0.288978314515876,0.520258690023704,513.556579589844,205.437938112828,0.984563897951412
"MG44402012","Ampako","Besalampy","Melaky",0.236042057046984,0.152215740328848,0.330416719673045,867.799133300781,204.837092527906,0.984684706423313
"MG71717050","Ampondralava","Ambilobe","Diana",0.216825040563603,0.14068317769023,0.306188268207459,941.675964355469,204.178929169144,0.984805126724749
"MG33317012","Ampasimaneva","Anosibe-An'ala","Alaotra Mangoro",0.464064157056462,0.363070412136129,0.566451762176895,439.109558105469,203.77500693765,0.984925308801617
"MG51506112","Besely","Betioky Atsimo","Atsimo Andrefana",0.368739029300085,0.260000444948165,0.494471859307265,550.174377441406,202.870765883523,0.985044957576736
"MG11107130","Ambohimanarina Marovazaha","Anjozorobe","Analamanga",0.470446340195297,0.371936436090469,0.572635161378305,428.409362792969,201.543616831351,0.985163823628144
"MG43408090","Keliloha","Tsaratanana","Betsiboka",0.332387521025118,0.241760426214435,0.442258746311821,606.186340332031,201.488774942252,0.985282657334997
"MG23212052","Savana","Vohipeno","Fitovinany",0.440777392927556,0.332998520057688,0.54375739257737,455.062133789062,200.581100951594,0.985400955715427
"MG71719171","Bemaneviky Haut Sambirano","Ambanja","Diana",0.249330485778286,0.159384901961597,0.363505505824828,799.488586425781,199.336877627735,0.985518520279943
"MG53515111a","Ankilivalo","Taolagnaro","Anosy",0.395549190268884,0.26998686715516,0.521007044442774,501.688110351562,198.442325817087,0.985635557257214
"MG54511170","Betsipolitra","Miandrivazo","Menabe",0.256081419003718,0.163357188322973,0.361432615788751,773.403259277344,198.054204097843,0.985752365328718
"MG21220090","Taindambo","Lalangina","Haute Matsiatra",0.451356207450084,0.357680657309983,0.551128999783734,437.050231933594,197.265335150726,0.985868708142437
"MG54511031","Bemahatazana","Miandrivazo","Menabe",0.237358076152116,0.154207307721236,0.321842443875714,831.072631835938,197.261801035254,0.98598504887181
"MG51506012a","Beora","Betioky Atsimo","Atsimo Andrefana",0.345298782009461,0.256183366328165,0.430311927605616,569.355773925781,196.597855266627,0.986100998020379
"MG51506330a","Vohimary","Betioky Atsimo","Atsimo Andrefana",0.343788072521112,0.246197212499039,0.44538308747624,571.0078125,196.305675253871,0.986216774847516
"MG43416012","Ambaliha","Kandreho","Betsiboka",0.271055724144487,0.189504556129813,0.370971317559943,723.177856445312,196.021497564042,0.986332384072819
"MG42410171","Ambarikorano","Mandritsara","Sofia",0.275902102633544,0.185181384687572,0.383398499449032,707.406127929688,195.174838111654,0.98644749395675
"MG53517332","Sakamahily","Betroka","Anosy",0.375074181081128,0.290589588838606,0.478034747434637,517.078063964844,193.942631396629,0.986561877111902
"MG22203492a","Ankazotsararavina","Ambositra","Amoron I Mania",0.593022942376663,0.49319650795873,0.691160009766562,326.825408935547,193.814965650414,0.986676184972568
"MG42410310","Anjiabe","Mandritsara","Sofia",0.206574118334706,0.126234730887725,0.305949165713036,934.854370117188,193.116717278305,0.986790081021496
"MG31307051","Maintinandry","Vatomandry","Atsinanana",0.355678557236075,0.243269217660124,0.48455864594961,540.744262695312,192.331139189154,0.986903513753516
"MG42413070","Anahidrano","Antsohihy","Sofia",0.240411168719292,0.149837858495132,0.361679907954945,792.487487792969,190.522843135724,0.987015879991766
"MG42410392","Amborondolo","Mandritsara","Sofia",0.30279327883256,0.20062415921443,0.41631056368417,627.967956542969,190.144476563428,0.987128023077623
"MG11107190","Analaroa","Anjozorobe","Analamanga",0.502871810500347,0.391538674888518,0.609335799941482,373.751281738281,187.948983724555,0.987238871309449
"MG42423010","Mampikony I","Mampikony","Sofia",0.264230087245413,0.165927398607063,0.386237198793257,708.301879882812,187.154667517526,0.987349251070814
"MG31307110","Ambalavolo","Vatomandry","Atsinanana",0.384556581680622,0.273392308984542,0.49690841496874,486.453338623047,187.068833048005,0.987459580208872
"MG72710110","Antananambo","Antalaha","Sava",0.268701678775876,0.168995112779225,0.370555768555134,694.79833984375,186.693480326707,0.98756968797204
"MG42413172","Andreba","Antsohihy","Sofia",0.241392142813854,0.141208724058312,0.366074590452031,766.51904296875,185.031674289851,0.987678815638072
"MG53517270","Iaborotra","Betroka","Anosy",0.368948926833043,0.270202969148735,0.483436493634307,500.610382080078,184.699663229924,0.987787747491185
"MG41407070","Katsepy","Mitsinjo","Boeny",0.314391688662902,0.225027704398191,0.423236446204969,582.909729003906,183.261974039573,0.987895831426414
"MG33317053","Niarovana Marosampanana","Anosibe-An'ala","Alaotra Mangoro",0.448000551605106,0.3385976121909,0.559498035976024,408.814483642578,183.149114176032,0.988003848799345
"MG42410192","Ambodiamontana Kianga","Mandritsara","Sofia",0.261097146286294,0.176999509102177,0.367258943349535,699.958251953125,182.757102104503,0.988111634972063
"MG33313033","Ambandrika","Ambatondrazaka","Alaotra Mangoro",0.436932629826433,0.33320432070347,0.553691067051598,417.588165283203,182.457895241585,0.988219244679067
"MG23206071a","Ambiabe","Ifanadiana","Vatovavy",0.447246711566782,0.328866717713149,0.556071280339782,406.596893310547,181.849123466412,0.988326495345689
"MG51503050a","Tanandava","Beroroha","Atsimo Andrefana",0.295096573487063,0.192561811316144,0.424359571680874,616.201232910156,181.838872410291,0.98843373996646
"MG72710030","Ampahana","Antalaha","Sava",0.295072199086326,0.201952753265779,0.407638410642769,615.521728515625,181.623350018522,0.988540857476802
"MG43404112","Ambalajia","Maevatanana","Betsiboka",0.253538813506686,0.185321367224992,0.335316613645737,713.462524414062,180.890441921427,0.988647542733854
"MG44420010a","Bemaraha Antsinanana","Antsalova","Melaky",0.25719781503679,0.172267330424673,0.362838155521639,698.684814453125,179.700207676729,0.988753526016578
"MG31307010","Vatomandry","Vatomandry","Atsinanana",0.341000019370521,0.222407810485666,0.484780148532426,520.683898925781,177.55321961961,0.988858243052338
"MG31307131","Amboditavolo","Vatomandry","Atsinanana",0.390619518645257,0.279806042263854,0.513666854708099,452.388977050781,176.711964455996,0.98896246393406
"MG71713254","Mosorolava","Antsiranana II","Diana",0.243001776983781,0.163467824794689,0.347214243637866,723.465515136719,175.803405764709,0.989066148967583
"MG41407012","Antseza","Mitsinjo","Boeny",0.237091209163485,0.153557545584721,0.346662387324255,741.497192382812,175.80246593337,0.989169833446813
"MG11106130","Ranovao","Manjakandriana","Analamanga",0.448467333066847,0.352075166126921,0.546549668502739,390.635162353516,175.187109462816,0.989273155002152
"MG32303152","Morafeno","Maroantsetra","Analanjirofo",0.322264233916897,0.203127682979456,0.457216030851247,541.082397460938,174.371504303667,0.989375995531267
"MG22223130","Vinany Andakatanikely","Manandriana","Amoron I Mania",0.530349964897632,0.424961135221072,0.629364286222691,328.472503662109,174.205380787037,0.989478738084337
"MG11106030","Sambaina","Manjakandriana","Analamanga",0.483562658033301,0.380819678957929,0.581821714140247,359.334899902344,173.760939320908,0.989581218515476
"MG11106170","Nandihizana","Manjakandriana","Analamanga",0.498062061400781,0.403805191336863,0.591827775342817,346.728668212891,172.69239523686,0.989683068742503
"MG42411090","Maromandia","Analalava","Sofia",0.264580082352976,0.169769949376719,0.38349931480759,647.727355957031,171.375757181387,0.989784142444977
"MG54510032","Beroboka Nord","Belo Sur Tsiribihina","Menabe",0.27627168727139,0.191545499316928,0.375131457688608,619.817260742188,171.237960425175,0.989885134877916
"MG31310250a","Satrandroy","Toamasina II","Atsinanana",0.438637819765953,0.326981728808784,0.545910100445015,389.727294921875,170.949130947814,0.989985956965497
"MG43404050","Bemokotra","Maevatanana","Betsiboka",0.253064247148324,0.173316966762287,0.350874464117402,673.408874511719,170.415709851309,0.990086464452891
"MG51506313","Montifeno","Betioky Atsimo","Atsimo Andrefana",0.394273797866961,0.287306734303804,0.521014603379157,431.307983398438,170.053436664842,0.990186758279421
"MG72712330","Anjialavabe","Andapa","Sava",0.304860849880161,0.19971651908355,0.433506785111303,557.56591796875,169.980019616165,0.990287008806169
"MG42410191","Ambaripaika","Mandritsara","Sofia",0.271255852747766,0.178669909243883,0.38041960248006,619.210754394531,167.964541213876,0.990386070647495
"MG43404192","Madiromirafy","Maevatanana","Betsiboka",0.242891329518347,0.171832061268864,0.325740210128424,677.927368164062,164.662679770243,0.990483185122596
"MG71713110a","Ambolobozobe","Antsiranana II","Diana",0.253509685249737,0.161876341774536,0.38171746959539,648.517761230469,164.4055335284,0.990580147938425
"MG32315070","Ampasimazava","Vavatenina","Analanjirofo",0.368392644745961,0.271957752220865,0.458745043420375,443.807891845703,163.495563036168,0.990676574073405
"MG33312072","Ranomainty","Amparafaravola","Alaotra Mangoro",0.421165965743157,0.32568794177901,0.522684484301689,387.898803710938,163.369774275532,0.990772926020904
"MG43404132","Marokoro","Maevatanana","Betsiboka",0.296909061670609,0.215513050083084,0.402394420668472,549.389587402344,163.118746887233,0.990869129917897
"MG71713152","Antsalaka","Antsiranana II","Diana",0.300668301487519,0.196833429703518,0.42926409326404,540.582702636719,162.536083015315,0.990964990172382
"MG42414131","Analila","Bealanana","Sofia",0.273699932007082,0.175570467453129,0.394332485391605,593.2265625,162.366069821045,0.991060750156776
"MG31307132","Niherenana","Vatomandry","Atsinanana",0.397244918771151,0.285961139355194,0.52253369218168,404.41015625,160.64987966976,0.991155497969462
"MG43404032","Beratsimanina","Maevatanana","Betsiboka",0.26490101025783,0.188782841702632,0.346219300899325,605.10791015625,160.293696715395,0.991250035713171
"MG71719070","Antsatsaka","Ambanja","Diana",0.242966852819312,0.157133527601135,0.345467066181318,655.1650390625,159.183387618257,0.99134391862067
"MG53515230","Ampasimena","Taolagnaro","Anosy",0.483274627450431,0.336369244676076,0.609707855245149,328.988891601562,158.991984024075,0.991437688642483
"MG33316032","Tanananifololahy","Andilamena","Alaotra Mangoro",0.434642263463059,0.33264365824393,0.535822193633411,364.649932861328,158.4922721905,0.991531163945101
"MG71718002","Ampangorina","Nosy-Be","Diana",0.369334786720486,0.251762450634013,0.485506530225265,427.414245605469,157.858949241993,0.991624265727589
"MG23212150","Mahasoabe","Vohipeno","Fitovinany",0.426257115690561,0.326439581655063,0.529306738740794,369.2998046875,157.416669571181,0.991717106663124
"MG22223172","Andakatany","Manandriana","Amoron I Mania",0.500594778046657,0.406828781092069,0.595613006007649,314.042785644531,157.208178576878,0.991809824635196
"MG42410270","Ambilombe","Mandritsara","Sofia",0.283195325311608,0.18149182062839,0.417777457088911,555.06298828125,157.191243534742,0.991902532619347
"MG32303154","Ambodimanga Rantabe","Maroantsetra","Analanjirofo",0.326592463669507,0.215548110078944,0.451208385958529,478.231018066406,156.186646393484,0.991994648113905
"MG52518032","Besakoa","Bekily","Androy",0.389705879553872,0.295143043612801,0.502758293412654,400.666320800781,156.142020955282,0.992086737289349
"MG42410232","Ankiakabe-Fonoko","Mandritsara","Sofia",0.284398939031985,0.196121440859013,0.392221160055809,546.357482910156,155.383488471834,0.992178379098795
"MG72711371a","Andapabe","Sambava","Sava",0.371536180219961,0.254181504519819,0.500877366020976,417.195159912109,155.003096120001,0.992269796561087
"MG11106070","Ambatomanga","Manjakandriana","Analamanga",0.522062459958905,0.428446909612859,0.616728932660537,294.5595703125,153.778493881782,0.992360491779554
"MG71713031","Sakaramy","Antsiranana II","Diana",0.25786020746754,0.162108443026515,0.373138113887581,588.808959960938,151.830400574274,0.992450038054866
"MG41406051","Ambolomoty","Marovoay","Boeny",0.319057618629227,0.226122159204683,0.424445089579674,475.193359375,151.61406163061,0.992539456738163
"MG72712050","Ankiakabe Nord","Andapa","Sava",0.272877468711552,0.180186895669737,0.389597705868461,553.842163085938,151.131047528621,0.992628590550225
"MG25214010a","Mahabo","Vangaindrano","Atsimo Atsinanana",0.471047184284787,0.337727400504883,0.579320761616897,319.082641601562,150.302979880568,0.992717235985959
"MG22203390","Ambatofitorahana","Ambositra","Amoron I Mania",0.526745247283927,0.431660845085253,0.62101351519685,283.831390380859,149.506835913107,0.992805411873258
"MG12118150","Ambohimiarivo","Antsirabe II","Vakinankaratra",0.573061331642839,0.479312441910646,0.666256639632456,260.648468017578,149.367558172819,0.992893505617569
"MG22203010","Ambositra I","Ambositra","Amoron I Mania",0.468070747205931,0.378660266975334,0.55711721109489,318.556823730469,149.107130511068,0.992981445767296
"MG54511011","Miandrivazo","Miandrivazo","Menabe",0.278404583269038,0.183111498918559,0.384104872126576,533.123168945312,148.423933681288,0.993068982982359
"MG71719330","Antsirabe","Ambanja","Diana",0.263181335792925,0.172749456998048,0.376441549403269,563.528930664062,148.310296730126,0.993156453176815
"MG23212172","Vohilany","Vohipeno","Fitovinany",0.458830930665968,0.349961712241009,0.564365938905969,322.327514648438,147.893833525391,0.99324367775031
"MG42411012","Ambarijeby Sud","Analalava","Sofia",0.269728639017463,0.167583336730369,0.392428142925071,547.290893554688,147.620027865157,0.993330740839169
"MG71719290","Bemaneviky Ouest","Ambanja","Diana",0.244163272126309,0.151978325391304,0.360035696880378,603.75732421875,147.415363851475,0.993417683221635
"MG72712070","Belaoka Marovato","Andapa","Sava",0.284532224066562,0.181988582914286,0.408906755020756,515.573669433594,146.697322834099,0.99350420211909
"MG52518092","Tsirandrany","Bekily","Androy",0.39993701094105,0.302449415430514,0.50640615082326,366.446075439453,146.555348082333,0.993590637282919
"MG33316071a","Ampondrabe","Andilamena","Alaotra Mangoro",0.394362285458854,0.28748635382295,0.508343141423251,370.38671875,146.066552909856,0.993676784165962
"MG42410172","Andratamarina","Mandritsara","Sofia",0.32398054807569,0.215611338668756,0.446058384953687,449.196472167969,145.530919246645,0.993762615143894
"MG31307053","Tsarasambo","Vatomandry","Atsinanana",0.376464286583135,0.259775067555969,0.507519641233525,386.049987792969,145.334033239908,0.993848330002733
"MG31306190","Fanasana","Brickaville","Atsinanana",0.367681850964622,0.261894013689715,0.48021973029983,394.891632080078,145.194486213644,0.993933962559764
"MG42410212","Tsarajomoka","Mandritsara","Sofia",0.2641751229125,0.178598674436806,0.370987488018586,548.69189453125,144.950748678885,0.994019451365686
"MG33313231","Soalazaina","Ambatondrazaka","Alaotra Mangoro",0.436961645825607,0.341631051516576,0.536794347978404,331.273254394531,144.753706458239,0.994104823960383
"MG71717171","Anjiabe Ambony","Ambilobe","Diana",0.23144656213402,0.155247820049849,0.320419131842525,621.70166015625,143.890711916177,0.994189687579627
"MG42410130","Amboaboa","Mandritsara","Sofia",0.261202344936713,0.174403100225673,0.364918902695025,539.675415039062,140.964483912897,0.994272825373098
"MG33317011a","Ambodimerana","Anosibe-An'ala","Alaotra Mangoro",0.477944015757384,0.369225440996903,0.608329586130717,292.338165283203,139.7212766746,0.994355229949919
"MG52518070","Antsakoamaro","Bekily","Androy",0.352635124845945,0.270286756463711,0.431513936716202,394.473876953125,139.105344847829,0.994437271263516
"MG43408130","Ampandrana","Tsaratanana","Betsiboka",0.35725215436834,0.261583016174248,0.457788064477196,389.016937255859,138.977138920429,0.994519236964039
"MG22203210","Alakamisy Ambohijato","Ambositra","Amoron I Mania",0.585148486080024,0.494661134433409,0.670435175249289,234.966812133789,137.490474399136,0.99460032586209
"MG33313152","Bejofo","Ambatondrazaka","Alaotra Mangoro",0.380307259513271,0.286140727516215,0.486243958854022,361.208770751953,137.370317716833,0.994681343894338
"MG31307092","Iamborano","Vatomandry","Atsinanana",0.391846523356732,0.273277732571278,0.51793112717829,350.561584472656,137.366338098038,0.994762359579493
"MG31307070","Sahamatevina","Vatomandry","Atsinanana",0.370951431280218,0.252405259255114,0.501548478060112,370.053344726562,137.27181787635,0.994843319518672
"MG72712210a","Andasibe Kobahina","Andapa","Sava",0.291649560340848,0.194145261894964,0.419661637499456,470.6513671875,137.265264314054,0.994924275592702
"MG23209190","Ambohimiarina II","Mananjary","Vatovavy",0.383515527547762,0.269788755104796,0.494080616727982,357.692749023438,137.180723341733,0.995005181806302
"MG51506170","Manalobe","Betioky Atsimo","Atsimo Andrefana",0.376821474247422,0.272802084560944,0.48835547522967,362.268920898438,136.510708846972,0.995085692859893
"MG32305238","Mahanoro","Fenerive Est","Analanjirofo",0.418408143992337,0.324231563997455,0.517926066431934,325.818298339844,136.325029487116,0.995166094403827
"MG71713130","Anketrakabe","Antsiranana II","Diana",0.2839942669321,0.182143540342592,0.403660548181494,478.612365722656,135.923167948044,0.995246258938546
"MG23210272","Analavory","Manakara Atsimo","Fitovinany",0.432111072196473,0.323477547370609,0.548527354263677,312.649139404297,135.099154849295,0.995325937488222
"MG44421191","Tambohorano","Maintirano","Melaky",0.218913790826124,0.127752930496823,0.325875740142235,614.891845703125,134.608304890943,0.995405326545245
"MG23210532","Ampasimboraka","Manakara Atsimo","Fitovinany",0.44385158828677,0.318895945610765,0.570326529697421,302.829162597656,134.411204798522,0.995484599356911
"MG53517210a","Kelivaho","Betroka","Anosy",0.368187135806549,0.272697612318921,0.474222940686707,362.830261230469,133.589434666388,0.995563387506386
"MG52518050","Anja Nord","Bekily","Androy",0.385309868223741,0.291693892857964,0.474794373083318,346.106964111328,133.358428733055,0.995642039413575
"MG52518031a","Mikaikarivo ambatomainty","Bekily","Androy",0.370856239612093,0.281698780426394,0.462751805421694,358.994750976562,133.135443387648,0.995720559808846
"MG11103230","Mananjara","Ambohidratrimo","Analamanga",0.533187660818313,0.43376343412268,0.627965789766527,248.47282409668,132.482643857029,0.995798695197121
"MG11106210","Ambanitsena","Manjakandriana","Analamanga",0.51339300932413,0.390081250587805,0.623934855112602,255.888214111328,131.371220293192,0.995876175091898
"MG51505050a","Ambatolahy","Ankazoabo","Atsimo Andrefana",0.339299482243737,0.227537752958149,0.473021138335634,384.829742431641,130.572532359047,0.995953183937863
"MG11106190","Anjepy","Manjakandriana","Analamanga",0.49307723657727,0.396928203584797,0.591805025902196,264.628448486328,130.482264099369,0.996030139545569
"MG72711470","Anjialava","Sambava","Sava",0.348278256971071,0.243891293273177,0.464398239775063,373.43359375,130.058801125693,0.996106845404002
"MG32318050","Ambodiampana","Soanierana Ivongo","Analanjirofo",0.398941855283624,0.30000232787469,0.508977374285078,322.113525390625,128.504567431285,0.996182634609131
"MG44422030a","Antranokoaky","Morafenobe","Melaky",0.254570340602597,0.165715713565176,0.367690854401576,495.873992919922,126.234811273594,0.996257085161335
"MG31306090","Andovoranto","Brickaville","Atsinanana",0.341636188206321,0.237645265430828,0.462359464160773,369.213287353516,126.13662012658,0.996331477802532
"MG71719233","Ambohimarina","Ambanja","Diana",0.281175041707542,0.176495754442951,0.41241134674313,447.810424804688,125.91311487153,0.99640573862518
"MG22203050","Ankazoambo","Ambositra","Amoron I Mania",0.588633961813924,0.495816742378932,0.671895487377347,212.604598999023,125.146287408656,0.996479547189632
"MG31309071","Ambalapaiso II","Marolambo","Atsinanana",0.441070806516713,0.311624660095504,0.574541935029496,278.207672119141,122.709282320727,0.996551918461369
"MG72710090","Antsahanoro","Antalaha","Sava",0.282800547841185,0.185528402370239,0.383816294237018,425.975189208984,120.466016875053,0.996622966703829
"MG43416013","Behazomaty","Kandreho","Betsiboka",0.285032379853964,0.179512747810842,0.405181250448462,422.000762939453,120.283881760821,0.996693907526951
"MG22203170","Marosoa","Ambositra","Amoron I Mania",0.564550887315444,0.475927472351419,0.650880861704209,212.652786254883,120.053319170296,0.996764712369261
"MG42413190","Maroala","Antsohihy","Sofia",0.214550877615983,0.139581263841274,0.306542853645594,554.976440429688,119.070682350384,0.996834937673699
"MG53519270","Tomboarivo","Amboasary-Atsimo","Anosy",0.399551899830615,0.291497720303827,0.511992609532649,297.682525634766,118.939618663746,0.996905085679619
"MG54509051","Analamitsivalana","Mahabo","Menabe",0.316321421591542,0.215696647088524,0.418525641948919,359.960327148438,113.86316240015,0.996972239701801
"MG11107170","Alakamisy","Anjozorobe","Analamanga",0.475888508897255,0.373041617854359,0.571975490140258,238.600479125977,113.547226233432,0.997039207391688
"MG22223030a","Soatanana","Manandriana","Amoron I Mania",0.485192458894426,0.389386416836975,0.56766091112092,231.594451904297,112.367881585753,0.997105479529696
"MG11107330","Ambohimirary","Anjozorobe","Analamanga",0.459457229043459,0.353004306718946,0.567392996987305,242.971084594727,111.634821265577,0.997171319324636
"MG51503030","Fanjakana","Beroroha","Atsimo Andrefana",0.29650639271524,0.19660503714346,0.421541759772202,373.134704589844,110.636825254801,0.997236570523186
"MG23210250","Vohimanitra","Manakara Atsimo","Fitovinany",0.437442837752505,0.331691444724225,0.546131227625655,249.552932739258,109.165143066921,0.99730095375552
"MG71713192","Mahalina","Antsiranana II","Diana",0.21878525077062,0.135005683930418,0.339306814582776,487.871002197266,106.738979559442,0.997363906089268
"MG11115032","Andohariana","Andramasina","Analamanga",0.584423400875746,0.485081105165851,0.674004592504707,181.671783447266,106.173241525413,0.997426524763001
"MG71719130","Ambalahonko","Ambanja","Diana",0.246398552660585,0.164643787852355,0.353320573768559,427.8525390625,105.422246377157,0.997488700516094
"MG71713252","Ambondrona","Antsiranana II","Diana",0.231446692279193,0.153550837331863,0.32818103781219,453.746704101562,105.018173796892,0.997550637955947
"MG71713251","Bobasakoa","Antsiranana II","Diana",0.230415704742106,0.157851041149362,0.332361589059455,455.1474609375,104.873122973494,0.997612489847973
"MG71713191","Andranofanjava","Antsiranana II","Diana",0.251822959680016,0.165511587726041,0.356640992566453,409.105621337891,103.022188387039,0.997673250098948
"MG71719231","Marovato","Ambanja","Diana",0.263848324927145,0.169961409377654,0.38436444304983,390.118560791016,102.932128787698,0.997733957234725
"MG72712190","Andranomena","Andapa","Sava",0.245931757617937,0.147053680862595,0.370494100387395,415.670440673828,102.226562064737,0.997794248242562
"MG21220630","Ialananindro","Lalangina","Haute Matsiatra",0.451356207450084,0.357680657309983,0.551128999783734,222.40168762207,100.382382255596,0.997853451593168
"MG23209370","Ambalahosy Nord","Mananjary","Vatovavy",0.376797338259158,0.270979447446815,0.475562363151482,263.834075927734,99.4119775516349,0.997912082620139
"MG23212171","Onjatsy","Vohipeno","Fitovinany",0.349176939740866,0.231781102220315,0.469240080090754,278.210144042969,97.1445667017893,0.997969376377397
"MG31307230","Ambalabe","Vatomandry","Atsinanana",0.387296650445393,0.271164433455405,0.509653933651869,249.456344604492,96.6136066976714,0.998026356985967
"MG11106050","Ambohibary","Manjakandriana","Analamanga",0.485509783793507,0.373525431502183,0.597968974895325,198.829025268555,96.5334370700098,0.998083290312231
"MG33314050","Ampasimpotsy Gara","Moramanga","Alaotra Mangoro",0.428581814223697,0.31465549603053,0.544340080839877,223.261917114258,95.6859974838894,0.998139723837017
"MG72711450","Ambatoafo","Sambava","Sava",0.342721449934384,0.243300973051427,0.4480013931497,277.952453613281,95.2602679151634,0.998195906275743
"MG51503092","Tanamary","Beroroha","Atsimo Andrefana",0.273692574764727,0.177422136987677,0.385267129135247,343.870788574219,94.1148815112551,0.998251413190424
"MG71713253","Bobakilandy","Antsiranana II","Diana",0.227337349905159,0.143845029438593,0.327147938196573,413.978485107422,94.1127717220737,0.998306918860798
"MG11106272","Antsahalalina","Manjakandriana","Analamanga",0.449847251528824,0.357441187589676,0.546759490791105,199.00032043457,89.5197472008468,0.998359715664984
"MG11103330","Mahereza","Ambohidratrimo","Analamanga",0.526638398742885,0.442271244482393,0.614389995286651,168.021896362305,88.4867824539872,0.99841190324898
"MG33313050","Ampitatsimo","Ambatondrazaka","Alaotra Mangoro",0.357043427854934,0.264727833005103,0.466453040172481,246.669082641602,88.0715748121895,0.998463845952519
"MG72712250","Betsakotsako Andranotsara","Andapa","Sava",0.330256678035588,0.192981389325119,0.497066967795776,264.459594726562,87.3395472290325,0.998515356922075
"MG33314010","Moramanga","Moramanga","Alaotra Mangoro",0.375776801276877,0.253932665616474,0.497383205638451,230.470077514648,86.6053085184884,0.998566434853574
"MG22204110","Tatamalaza","Fandriana","Amoron I Mania",0.560815779029239,0.435751057800531,0.669787314997962,152.627853393555,85.5961085024669,0.998616917580805
"MG72710151","Sarahandrano","Antalaha","Sava",0.270838197568206,0.175512117106352,0.375405124350425,314.505950927734,85.1802248737424,0.998667155028897
"MG44421192","Veromanga","Maintirano","Melaky",0.243752548256586,0.150542762578114,0.359610809001296,345.981567382812,84.3338886993684,0.99871689332628
"MG72712170","Matsohely","Andapa","Sava",0.245931757617937,0.147053680862595,0.370494100387395,335.064819335938,82.4030799352235,0.998765492874556
"MG71713050","Antsahampano","Antsiranana II","Diana",0.248588384442453,0.163615227849491,0.365023787441384,327.229309082031,81.3454052869223,0.998813468629277
"MG51506312","Antsavoa","Betioky Atsimo","Atsimo Andrefana",0.395712391281803,0.287647196558297,0.523658363071157,198.075790405273,78.381044676304,0.998859696068441
"MG53517050","Naninora","Betroka","Anosy",0.404592210300439,0.291999796622439,0.525064407566387,193.342926025391,78.2250417865671,0.998905831500486
"MG43416052","Andasibe","Kandreho","Betsiboka",0.280173014634359,0.190437215444969,0.373503318718854,275.689117431641,77.2406511327086,0.998951386360286
"MG33313050a","Ambohiboromanga","Ambatondrazaka","Alaotra Mangoro",0.397683880905405,0.310170054278479,0.498038920416204,191.10302734375,75.9985935668342,0.998996208681488
"MG23212051","Ivato","Vohipeno","Fitovinany",0.454488050915975,0.346610661291649,0.561023944072936,166.948013305664,75.8758771715856,0.999040958627224
"MG44421193","Maromavo","Maintirano","Melaky",0.260751355741179,0.155780718881932,0.375002079604312,290.753448486328,75.8143558792332,0.999085672289036
"MG11106251","Ambatomena","Manjakandriana","Analamanga",0.470733261585849,0.371449479204522,0.571385488527522,159.69123840332,75.1719775002783,0.999130007090021
"MG23210313","Nihaonana","Manakara Atsimo","Fitovinany",0.409399571635826,0.307200503501408,0.50803941099943,180.400726318359,73.8559800775282,0.999173565744286
"MG22203190","Fahizay","Ambositra","Amoron I Mania",0.563244846385517,0.480290207101937,0.646152807183913,129.863021850586,73.1446777933924,0.999216704887899
"MG71719173","Maevatanana","Ambanja","Diana",0.240378292876249,0.149873170438705,0.361478687013129,300.5185546875,72.2381371534188,0.999259309373516
"MG51505050","Andranomafana","Ankazoabo","Atsimo Andrefana",0.343809476834218,0.23409104351076,0.460836342373113,208.236907958984,71.5938223829536,0.999301533856265
"MG71713090","Mangaoka","Antsiranana II","Diana",0.216900000738887,0.131648457638137,0.324276968306741,324.41064453125,70.3646690385309,0.999343033411045
"MG71719350","Ankatafa","Ambanja","Diana",0.237182080752264,0.155519690230031,0.336565779984943,287.091705322266,68.0930080350508,0.999383193189463
"MG54511033","Anosimena","Miandrivazo","Menabe",0.226653246945419,0.147826398936603,0.322031105345688,294.05859375,66.6493350656413,0.999422501520895
"MG11107110","Tsarasaotra","Anjozorobe","Analamanga",0.482728054848493,0.376471820719176,0.584955051716039,136.148071289062,65.7224936247431,0.999461263221358
"MG31307052","Tanambao Vahatrakaka","Vatomandry","Atsinanana",0.381832051236611,0.27056631750213,0.497451640854755,156.73161315918,59.8451533461926,0.999496558594072
"MG71719150","Ankingameloka","Ambanja","Diana",0.255383354811492,0.160819758124322,0.360552989301982,230.834518432617,58.951293723617,0.999531326787779
"MG51503091","Mandronarivo","Beroroha","Atsimo Andrefana",0.28385984794934,0.188876823984748,0.411938618764904,202.785202026367,57.5625766135807,0.999565275946271
"MG11106271","Ambohitseheno","Manjakandriana","Analamanga",0.46869311426227,0.371829192612648,0.578630794949346,122.602699279785,57.4630409424031,0.999599166400785
"MG54511032","Ampanihy","Miandrivazo","Menabe",0.240874302956167,0.152446875357996,0.33744668484138,223.025466918945,53.7211038855745,0.999630849942028
"MG71713033","Joffre Ville","Antsiranana II","Diana",0.284850422871896,0.179400724292986,0.415439461676806,183.045852661133,52.1406885354705,0.999661601388595
"MG22203110","Imerina Imady","Ambositra","Amoron I Mania",0.57371033679564,0.480138932128728,0.661595845347942,89.9284057617188,51.5928559570506,0.999692029735396
"MG11106252","Ambohibao Sud","Manjakandriana","Analamanga",0.458855903328238,0.357174228517187,0.55959359852461,110.640884399414,50.7682229561283,0.999721971731549
"MG71713170","Andranovondronina","Antsiranana II","Diana",0.25399958872731,0.164933412908668,0.36706645368884,192.303192138672,48.8449317141716,0.999750779412266
"MG21220070a","Vinaninoro Andrefana","Lalangina","Haute Matsiatra",0.421210890411671,0.336533147213393,0.515144767995688,111.800796508789,47.0917130462011,0.99977855308266
"MG43416052a","Mahatsinjo","Kandreho","Betsiboka",0.259435395730824,0.167819800386867,0.361259501204257,178.725479125977,46.3677154042289,0.999805899754957
"MG51503093","Sakena","Beroroha","Atsimo Andrefana",0.28380626664803,0.192123289660396,0.403077759735424,161.329391479492,45.7862922963932,0.999832903516522
"MG71719250","Ambaliha","Ambanja","Diana",0.256866251006283,0.170472464440541,0.363790262364365,170.965515136719,43.9152709245269,0.999858803790286
"MG71713151a","Antsakoabe","Antsiranana II","Diana",0.288269663885855,0.186016431829109,0.417366005885158,146.964645385742,42.3654489284518,0.99988379001267
"MG11102350","Viliahazo","Antananarivo Avaradrano","Analamanga",0.533034825571535,0.426475891643155,0.641599560736287,77.2775726318359,41.1916374484023,0.999908083946517
"MG11106372","Ampaneva","Manjakandriana","Analamanga",0.477654045483332,0.373169552847235,0.577414029438853,79.377197265625,37.9148393930543,0.999930445295982
"MG33313112","Antsangasanga","Ambatondrazaka","Alaotra Mangoro",0.344053787372186,0.246806406477923,0.463679907474893,105.214096069336,36.1993082375961,0.999951794862401
"MG11106330","Anjoma Betoho","Manjakandriana","Analamanga",0.496820043375977,0.384910388151528,0.604079581489761,53.1090850830078,26.3856579545984,0.999967356550855
"MG11107212","Belanitra","Anjozorobe","Analamanga",0.419225684919072,0.311085952578948,0.540306769502063,51.1352767944336,21.4372214376728,0.999979999758839
"MG11106290","Ambohitrony","Manjakandriana","Analamanga",0.486641293051902,0.386913583090828,0.596629090999422,41.5009803771973,20.1960907536809,0.99999191097488
"MG22204030","Milamaina","Fandriana","Amoron I Mania",0.528796270904178,0.426463176325665,0.635777566287749,25.9369564056396,13.7153658259065,1
